generation,evaluations,elapsed_time_sec,mean_score,best_score,best_score_so_far,top10_mean_score,mean_pred_logsw,mean_pred_logsw_clipped,best_pred_logsw,best_pred_logsw_so_far,top10_mean_pred_logsw,mean_p_sweet,best_p_sweet,mean_d_ood,best_d_ood,success_count,success_rate,no_improve,method,seed
1,30,0.2716042995452881,2.2995762825012207,3.38831114768982,3.38831114768982,2.944441795349121,2.254721641540528,2.254721641540528,2.9608044624328613,2.9608044624328613,2.562019824981689,0.4547688066959381,0.8550133109092712,5.939043045043945,6.286275386810303,12,0.4,0,A,2026
2,60,0.3148798942565918,2.897895336151123,3.5428030490875244,3.5428030490875244,3.3251793384552,2.6351158618927,2.6351158618927,3.0659635066986084,3.0659635066986084,3.144984483718872,0.6811959743499756,0.9536789655685424,6.07738208770752,5.59645414352417,21,0.7,0,A,2026
3,90,0.3532223701477051,3.2548720836639404,3.955899000167847,3.955899000167847,3.537623882293701,2.985578775405884,2.974714994430542,3.605297803878784,3.605297803878784,3.209688901901245,0.6737674474716187,0.7012025713920593,6.010066509246826,5.700430870056152,22,0.7333333333333333,0,A,2026
4,120,0.3948001861572265,3.534332752227783,4.021149635314941,4.021149635314941,3.7415149211883545,3.233536958694458,3.204362154006958,3.619812488555908,3.619812488555908,3.5102596282958984,0.7041686177253723,0.8026742339134216,5.859436511993408,5.738974571228027,20,0.6666666666666666,0,A,2026
5,150,0.4346253871917724,3.759337902069092,4.021149635314941,4.021149635314941,3.963100910186768,3.4538369178771973,3.3888845443725586,3.619812488555908,3.619812488555908,3.5773513317108154,0.6841638684272766,0.8026742339134216,5.735453128814697,5.738974571228027,20,0.6666666666666666,1,A,2026
6,180,0.4746847152709961,3.891948699951172,4.036125183105469,4.036125183105469,4.016903877258301,3.5571844577789307,3.478893518447876,3.637037992477417,3.637037992477417,3.620612621307373,0.7063500881195068,0.7981745004653931,5.73753023147583,5.728959560394287,24,0.8,0,A,2026
7,210,0.5142881870269775,3.990742921829224,4.091710090637207,4.091710090637207,4.049948692321777,3.596298217773437,3.4909768104553223,3.675209283828736,3.675209283828736,3.640341281890869,0.7914748787879944,0.833001971244812,5.714111804962158,5.749360084533691,29,0.9666666666666668,0,A,2026
8,240,0.5556490421295166,4.036550521850586,4.129458904266357,4.129458904266357,4.092110633850098,3.629878520965576,3.5,3.689712047576904,3.689712047576904,3.658175230026245,0.8133452534675598,0.8794934153556824,5.725922584533691,5.82900333404541,30,1.0,0,A,2026
9,270,0.5986320972442627,4.071286678314209,4.151918411254883,4.151918411254883,4.129560947418213,3.664369344711304,3.5,3.702567577362061,3.702567577362061,3.683370590209961,0.8166868090629578,0.8987014889717102,5.7473249435424805,5.845257759094238,28,0.9333333333333332,0,A,2026
10,300,0.6394748687744141,4.1288251876831055,4.201857089996338,4.201857089996338,4.165005683898926,3.69545841217041,3.5,3.744680881500244,3.744680881500244,3.733009815216065,0.8667338490486145,0.9143525958061218,5.779130458831787,5.807092666625977,30,1.0,0,A,2026
11,330,0.6810123920440674,4.163952350616455,4.235670566558838,4.235670566558838,4.204046726226807,3.7335169315338135,3.5,3.8061604499816895,3.8061604499816895,3.758871555328369,0.8608702421188354,0.8590206503868103,5.790182590484619,5.815269470214844,30,1.0,0,A,2026
12,360,0.7207789421081543,4.196600914001465,4.247395992279053,4.247395992279053,4.227996826171875,3.7587661743164062,3.5,3.787115812301636,3.8061604499816895,3.784015655517578,0.8756681084632874,0.9205607771873474,5.776803016662598,5.712160110473633,30,1.0,0,A,2026
1,30,0.2250466346740722,2.15997052192688,3.4573309421539307,3.4573309421539307,2.956784009933472,2.218937635421753,2.218937635421753,3.06813907623291,3.06813907623291,2.7623329162597656,0.3581193089485168,0.7783836722373962,5.451163291931152,5.551915168762207,5,0.1666666666666666,0,A,2027
2,60,0.2673420906066894,2.930672407150269,3.491952419281006,3.491952419281006,3.3703556060791016,2.6467323303222656,2.6467323303222656,2.9930310249328613,3.06813907623291,2.934885740280152,0.7027454972267151,0.9978429079055786,5.623562812805176,5.58025598526001,20,0.6666666666666666,0,A,2027
3,90,0.3104655742645263,3.2000794410705566,3.512628555297852,3.512628555297852,3.481543779373169,2.753390312194824,2.753390312194824,3.013721704483032,3.06813907623291,3.012932777404785,0.9109084606170654,0.9978134632110596,5.796523571014404,5.611398220062256,29,0.9666666666666668,0,A,2027
4,120,0.3527193069458008,3.440580129623413,3.74142336845398,3.74142336845398,3.5810770988464355,2.9638478755950928,2.9638478755950928,3.252065896987915,3.252065896987915,3.0831949710845947,0.953465461730957,0.9787150621414183,5.589177131652832,5.281091690063477,30,1.0,0,A,2027
5,150,0.3968579769134521,3.6013998985290527,3.891197681427002,3.891197681427002,3.742822647094727,3.10303282737732,3.10303282737732,3.3912882804870605,3.3912882804870605,3.245960235595703,0.9967346787452698,0.999818742275238,5.3696489334106445,5.34201717376709,30,1.0,0,A,2027
6,180,0.4335968494415283,3.742009878158569,3.936115503311157,3.936115503311157,3.8773810863494873,3.2436931133270264,3.2436931133270264,3.436180353164673,3.436180353164673,3.3777108192443848,0.9966349005699158,0.9998704195022584,5.217155933380127,5.367408752441406,30,1.0,0,A,2027
7,210,0.4782078266143799,3.8679823875427246,3.999452590942383,3.999452590942383,3.9373507499694815,3.368735313415528,3.368735313415528,3.499514102935791,3.499514102935791,3.437579393386841,0.9984951019287108,0.9998772144317628,5.271470069885254,5.392784118652344,30,1.0,0,A,2027
8,240,0.5218238830566406,3.9319944381713863,4.050833225250244,4.050833225250244,3.981678724288941,3.432166337966919,3.4304685592651367,3.550926685333252,3.550926685333252,3.481755495071411,0.9996560215950012,0.9998131394386292,5.300486564636231,5.397377014160156,30,1.0,0,A,2027
9,270,0.5565409660339355,3.970493078231812,4.099651336669922,4.099651336669922,4.020400047302246,3.470643281936645,3.4636483192443848,3.5998315811157227,3.5998315811157227,3.5204901695251465,0.9997002482414246,0.9996391534805298,5.3279314041137695,5.460998058319092,30,1.0,0,A,2027
10,300,0.5978550910949707,4.017699718475342,4.105620861053467,4.105620861053467,4.079925537109375,3.517828941345215,3.482431173324585,3.605743885040283,3.605743885040283,3.5800514221191406,0.9997419714927672,0.9997543692588806,5.368838787078857,5.470982074737549,30,1.0,0,A,2027
11,330,0.6365194320678711,4.068248748779297,4.133014678955078,4.133014678955078,4.114150524139404,3.568453788757324,3.4979069232940674,3.633152961730957,3.633152961730957,3.6145095825195312,0.9995906949043274,0.9997236132621764,5.408541679382324,5.474015712738037,30,1.0,0,A,2027
12,360,0.6797635555267334,4.101640224456787,4.213106155395508,4.213106155395508,4.146984577178955,3.6019861698150635,3.5,3.713825702667236,3.713825702667236,3.647494554519653,0.9993080496788024,0.9985607266426086,5.4390363693237305,5.443981647491455,30,1.0,0,A,2027
1,30,0.2379450798034668,2.3144338130950928,3.318006753921509,3.318006753921509,2.929971218109131,2.224238395690918,2.224238395690918,2.868487596511841,2.868487596511841,2.623146772384644,0.5271987318992615,0.8990381956100464,5.680120944976807,5.530922889709473,11,0.3666666666666666,0,A,2028
2,60,0.2817814350128174,2.862668037414551,3.460856437683105,3.460856437683105,3.2095274925231934,2.537046194076538,2.537046194076538,3.0055620670318604,3.0055620670318604,2.78307843208313,0.762825608253479,0.910588562488556,5.622069835662842,5.359709739685059,23,0.7666666666666667,0,A,2028
3,90,0.3254053592681885,3.1848433017730717,3.499874353408813,3.499874353408813,3.3987574577331543,2.828446626663208,2.828446626663208,3.0567615032196045,3.0567615032196045,2.9445736408233643,0.7849581241607666,0.8862255811691284,5.6729416847229,5.326657295227051,26,0.8666666666666667,0,A,2028
4,120,0.3626704216003418,3.365255832672119,3.635453224182129,3.635453224182129,3.505905866622925,2.9302239418029785,2.9302239418029785,3.172324657440185,3.172324657440185,3.045260429382324,0.8808058500289917,0.9262572526931764,5.481873512268066,4.9734978675842285,29,0.9666666666666668,0,A,2028
5,150,0.4066419601440429,3.5125956535339355,3.649397611618042,3.649397611618042,3.5852584838867188,3.051457405090332,3.051457405090332,3.1894867420196533,3.1894867420196533,3.116750717163086,0.9222755432128906,0.9198218584060668,5.267940998077393,5.035046100616455,30,1.0,0,A,2028
6,180,0.444655179977417,3.5779483318328857,3.729601621627808,3.729601621627808,3.647851467132568,3.1193296909332275,3.1193296909332275,3.2335684299468994,3.2335684299468994,3.1805920600891118,0.9172378182411194,0.9920662641525269,5.161089897155762,5.634678840637207,30,1.0,0,A,2028
7,210,0.4875907897949219,3.6360442638397217,3.735015392303467,3.735015392303467,3.688791751861572,3.174354314804077,3.174354314804077,3.2717320919036865,3.2717320919036865,3.219565153121948,0.9233798980712892,0.92656672000885,5.150876045227051,5.053707599639893,30,1.0,0,A,2028
8,240,0.5285825729370117,3.688758850097656,3.821589231491089,3.821589231491089,3.752549409866333,3.2156453132629395,3.2156453132629395,3.34778380393982,3.34778380393982,3.2692577838897705,0.9462271928787231,0.9476106762886048,5.326361179351807,5.09642505645752,30,1.0,0,A,2028
9,270,0.5701556205749512,3.757493495941162,3.889387607574463,3.889387607574463,3.8267624378204346,3.275881290435791,3.275881290435791,3.4091155529022217,3.4091155529022217,3.3401615619659424,0.9632254242897034,0.960543930530548,5.272256374359131,5.163824081420898,30,1.0,0,A,2028
10,300,0.6148996353149414,3.815401792526245,3.8972342014312735,3.8972342014312735,3.882775068283081,3.326080799102783,3.326080799102783,3.4038381576538086,3.4091155529022217,3.3958468437194824,0.978641927242279,0.9867922067642212,5.290720462799072,5.191405296325684,30,1.0,0,A,2028
11,330,0.655752420425415,3.8525891304016113,3.953355312347412,3.953355312347412,3.9014599323272714,3.3627398014068604,3.3627398014068604,3.468956232070923,3.468956232070923,3.413571834564209,0.979698896408081,0.968798041343689,5.267400741577148,5.200520515441895,30,1.0,0,A,2028
12,360,0.6998178958892822,3.882534503936768,3.966372966766357,3.966372966766357,3.9305732250213614,3.393871784210205,3.393871784210205,3.470459222793579,3.470459222793579,3.441641330718994,0.9773251414299012,0.9918273687362672,5.299734115600586,5.53725528717041,30,1.0,0,A,2028
1,30,0.2701013088226318,2.3503777980804443,3.65949821472168,3.65949821472168,3.155707836151123,2.2155697345733643,2.2155697345733643,3.232475519180298,3.232475519180298,2.7979578971862797,0.5634394884109497,0.8540454506874084,5.4986677169799805,6.249819278717041,12,0.4,0,A,2029
2,60,0.3065693378448486,3.075630187988281,3.677281856536865,3.677281856536865,3.5337791442871094,2.748764991760254,2.748764991760254,3.2391045093536377,3.2391045093536377,3.110805034637451,0.7524824142456055,0.8763546943664551,5.735438823699951,5.689028263092041,23,0.7666666666666667,0,A,2029
3,90,0.3496074676513672,3.4626729488372803,3.690320491790772,3.690320491790772,3.667021989822388,3.1091630458831787,3.1091630458831787,3.2498574256896973,3.2498574256896973,3.232947826385498,0.7648888230323792,0.8809258937835693,5.812215328216553,5.721636295318604,26,0.8666666666666667,0,A,2029
4,120,0.3896763324737549,3.5692989826202397,3.7252116203308105,3.7252116203308105,3.685535430908203,3.192857503890991,3.192857503890991,3.2531607151031494,3.2531607151031494,3.23962664604187,0.7963063716888428,0.9441016912460328,6.012048721313477,5.742656230926514,27,0.9,0,A,2029
5,150,0.4312596321105957,3.631506204605103,3.73981499671936,3.73981499671936,3.7134311199188232,3.245310544967652,3.245310544967652,3.268002510070801,3.268002510070801,3.2491729259490967,0.8069540858268738,0.9436250925064088,5.934764385223389,6.200843334197998,27,0.9,0,A,2029
6,180,0.4762301445007324,3.701725482940674,3.768876552581787,3.768876552581787,3.73687481880188,3.254387617111206,3.254387617111206,3.3529982566833496,3.3529982566833496,3.2726521492004395,0.8946758508682251,0.8317567706108093,5.985668659210205,5.709380149841309,30,1.0,0,A,2029
7,210,0.5166840553283691,3.732274293899536,3.769114017486572,3.769114017486572,3.762155532836914,3.282310962677002,3.282310962677002,3.306485891342163,3.3529982566833496,3.3037753105163574,0.8999274373054504,0.9252564311027528,6.055581569671631,6.216198444366455,30,1.0,0,A,2029
8,240,0.5612280368804932,3.756659746170044,3.835096836090088,3.835096836090088,3.7886595726013184,3.308411121368408,3.308411121368408,3.410781145095825,3.410781145095825,3.335364818572998,0.8964963555335999,0.8486313223838806,6.03968620300293,6.007357597351074,30,1.0,0,A,2029
9,270,0.6011497974395752,3.790519952774048,3.8413610458374015,3.8413610458374015,3.8237552642822266,3.344102621078491,3.344102621078491,3.404468297958374,3.410781145095825,3.376629590988159,0.8928336501121521,0.8737853765487671,6.02445125579834,6.030399322509766,30,1.0,0,A,2029
10,300,0.6465661525726318,3.8100218772888175,3.8738667964935294,3.8738667964935294,3.853497266769409,3.374969720840454,3.374969720840454,3.405412435531616,3.410781145095825,3.409576892852783,0.8701045513153076,0.9369085431098938,5.938339710235596,6.027164459228516,30,1.0,0,A,2029
11,330,0.6891829967498779,3.8590478897094727,3.915248394012451,3.915248394012451,3.884810209274292,3.415996551513672,3.415996551513672,3.451130151748657,3.451130151748657,3.429151058197021,0.8861017823219299,0.9282364249229432,5.882932662963867,5.814019203186035,30,1.0,0,A,2029
12,360,0.7231121063232422,3.87358832359314,3.9422128200531006,3.9422128200531006,3.913442611694336,3.4283101558685303,3.4283101558685303,3.47196102142334,3.47196102142334,3.4523956775665283,0.8905555009841919,0.940503478050232,5.9511823654174805,5.828598499298096,30,1.0,0,A,2029
1,30,0.2418394088745117,2.342481851577759,3.916513681411743,3.916513681411743,3.1489744186401367,2.332597017288208,2.331725597381592,3.5261430740356445,3.5261430740356445,2.8650131225585938,0.4384361505508423,0.7807410955429077,5.624814510345459,5.29939079284668,7,0.2333333333333333,0,A,2030
2,60,0.2854495048522949,2.942765235900879,3.916513681411743,3.916513681411743,3.6029655933380127,2.6930906772613525,2.691039800643921,3.5261430740356445,3.5261430740356445,3.130426406860352,0.6849344372749329,0.7807410955429077,5.663031101226807,5.29939079284668,20,0.6666666666666666,1,A,2030
3,90,0.3283565044403076,3.462667942047119,3.916513681411743,3.916513681411743,3.716286182403565,3.0415546894073486,3.0370774269104004,3.5261430740356445,3.5261430740356445,3.266362428665161,0.8747783303260803,0.7807410955429077,5.860779762268066,5.29939079284668,26,0.8666666666666667,2,A,2030
4,120,0.3663930892944336,3.748947143554688,4.284702777862549,4.284702777862549,3.988424301147461,3.299816131591797,3.264815092086792,3.8962342739105225,3.8962342739105225,3.598197221755981,0.8982619047164917,0.7769371867179871,5.698086261749268,4.703840732574463,30,1.0,0,A,2030
5,150,0.4108078479766845,4.082314968109131,4.475085735321045,4.475085735321045,4.313353538513184,3.678965091705322,3.470809936523437,4.006994724273682,4.006994724273682,3.9027419090271,0.8193995356559753,0.9361817836761476,5.119823932647705,5.343576431274414,29,0.9666666666666668,0,A,2030
6,180,0.4465045928955078,4.28230619430542,4.484397888183594,4.484397888183594,4.422102451324463,3.860050201416016,3.4992079734802246,4.015538215637207,4.015538215637207,3.9794750213623047,0.8445121645927429,0.9377191066741944,5.074973583221436,5.350514888763428,30,1.0,0,A,2030
7,210,0.491163969039917,4.403224468231201,4.50578498840332,4.50578498840332,4.485439777374268,3.964472770690918,3.5,4.0354108810424805,4.0354108810424805,4.0139641761779785,0.8775039315223694,0.9407481551170348,5.133636474609375,5.1781768798828125,30,1.0,0,A,2030
8,240,0.5364925861358643,4.467981338500977,4.528004169464111,4.528004169464111,4.506191730499268,4.011542320251465,3.5,4.047780990600586,4.047780990600586,4.0327324867248535,0.9128773808479308,0.9604464173316956,5.274938106536865,5.382350444793701,30,1.0,0,A,2030
9,270,0.5696468353271484,4.500041484832764,4.560359477996826,4.560359477996826,4.530364036560059,4.033169746398926,3.5,4.090201377868652,4.090201377868652,4.060140609741211,0.933743417263031,0.9403165578842164,5.287302494049072,5.327838897705078,30,1.0,0,A,2030
10,300,0.6126871109008789,4.522715091705322,4.566647052764893,4.566647052764893,4.554720878601074,4.050642013549805,3.5,4.097806930541992,4.097806930541992,4.078869819641113,0.9441461563110352,0.9376806020736694,5.272737979888916,5.207342147827148,30,1.0,0,A,2030
11,330,0.6532425880432129,4.551910877227783,4.593204975128174,4.593204975128174,4.571597576141357,4.079129695892334,3.5,4.111032962799072,4.111032962799072,4.095073699951172,0.9455615282058716,0.9643439054489136,5.295006275177002,5.295811653137207,30,1.0,0,A,2030
12,360,0.6955151557922363,4.5553083419799805,4.620019435882568,4.620019435882568,4.587368488311768,4.0847487449646,3.5,4.13308048248291,4.13308048248291,4.106375694274902,0.9411217570304872,0.9738776087760924,5.292024612426758,5.278533458709717,30,1.0,0,A,2030
1,30,0.2399234771728515,1.6534148454666138,3.252324342727661,3.252324342727661,2.6407625675201416,1.1774111986160278,1.1774111986160278,2.752410888671875,2.752410888671875,2.156993865966797,0.9526357650756836,0.9998268485069276,5.288276195526123,6.173703670501709,5,0.1666666666666666,0,B,2026
2,60,0.2754924297332763,2.4642176628112797,3.346888542175293,3.346888542175293,3.1342968940734863,1.9868947267532349,1.9868947267532349,2.84691858291626,2.84691858291626,2.64005708694458,0.955548882484436,0.9999397993087769,6.157632827758789,5.647490501403809,15,0.5,0,B,2026
3,90,0.3150906562805176,3.089500904083252,3.35734224319458,3.35734224319458,3.3190033435821533,2.595319986343384,2.595319986343384,2.8575501441955566,2.8575501441955566,2.8191585540771484,0.9883614778518676,0.9995842576026917,6.396842956542969,6.066425800323486,30,1.0,0,B,2026
4,120,0.3490598201751709,3.2783021926879883,3.4570577144622803,3.4570577144622803,3.3669471740722656,2.778477430343628,2.778477430343628,2.957125663757324,2.957125663757324,2.867029905319214,0.9996491074562072,0.9998639822006226,6.038650989532471,5.824535369873047,30,1.0,0,B,2026
5,150,0.392437219619751,3.36730694770813,3.481248617172241,3.481248617172241,3.4385223388671875,2.867387056350708,2.867387056350708,2.9814276695251465,2.9814276695251465,2.938608169555664,0.9998394250869752,0.9996418952941896,5.797363758087158,6.139371395111084,30,1.0,0,B,2026
6,180,0.4371182918548584,3.443040370941162,3.527474403381348,3.527474403381348,3.498243808746338,2.943121194839477,2.943121194839477,3.027517557144165,3.027517557144165,2.9983534812927246,0.9998391270637512,0.999913454055786,5.856375694274902,5.853360652923584,30,1.0,0,B,2026
7,210,0.4751200675964355,3.491132974624634,3.6557135581970215,3.6557135581970215,3.551496982574463,2.9912326335906982,2.9912326335906982,3.1557655334472656,3.1557655334472656,3.0515639781951904,0.9998006224632264,0.9998962879180908,5.899948596954346,5.719228267669678,30,1.0,0,B,2026
8,240,0.5170893669128418,3.5154736042022705,3.6557135581970215,3.6557135581970215,3.589384078979492,3.0155720710754395,3.0155720710754395,3.1557655334472656,3.1557655334472656,3.0894601345062256,0.9998037219047546,0.9998962879180908,5.945527076721191,5.719228267669678,30,1.0,1,B,2026
9,270,0.5529677867889404,3.5685343742370605,3.773827314376831,3.773827314376831,3.663252353668213,3.068608522415161,3.068608522415161,3.273872137069702,3.273872137069702,3.1633358001708984,0.9998517632484436,0.9999103546142578,5.914100170135498,5.690079212188721,30,1.0,0,B,2026
10,300,0.5963711738586426,3.633127927780152,3.773827314376831,3.773827314376831,3.7134056091308594,3.133206844329834,3.133206844329834,3.273872137069702,3.273872137069702,3.2134971618652344,0.9998405575752258,0.9999103546142578,5.954051017761231,5.690079212188721,30,1.0,1,B,2026
11,330,0.639617919921875,3.681217432022095,3.777677536010742,3.777677536010742,3.746726274490357,3.1812996864318848,3.1812996864318848,3.2777528762817383,3.2777528762817383,3.2468085289001465,0.9998356103897096,0.9998495578765868,5.983781814575195,5.985970973968506,30,1.0,0,B,2026
12,360,0.6774344444274902,3.72053599357605,3.817357063293457,3.817357063293457,3.782218217849731,3.220625400543213,3.220625400543213,3.3174147605896,3.3174147605896,3.2822861671447754,0.9998208284378052,0.9998846054077148,5.9651288986206055,5.721038818359375,30,1.0,0,B,2026
1,30,0.2323777675628662,1.960246205329895,3.5673108100891118,3.5673108100891118,2.990241289138794,1.4897196292877195,1.4897196292877195,3.068976879119873,3.068976879119873,2.504457235336304,0.953988254070282,0.9966678023338318,5.540180683135986,6.235888957977295,11,0.3666666666666666,0,B,2027
2,60,0.2746837139129638,2.757176399230957,3.575930118560791,3.575930118560791,3.2897820472717285,2.3547370433807373,2.3547370433807373,3.077690839767456,3.077690839767456,2.8242180347442627,0.8667379021644592,0.9964786171913148,5.871498107910156,6.242698192596436,20,0.6666666666666666,0,B,2027
3,90,0.3098645210266113,3.347712993621826,4.039862632751465,4.039862632751465,3.688896656036377,2.8837039470672607,2.882293462753296,3.54231071472168,3.54231071472168,3.1906332969665527,0.928019404411316,0.995103359222412,5.885194301605225,5.612525463104248,30,1.0,0,B,2027
4,120,0.3518126010894775,3.612109661102295,4.040610313415527,4.040610313415527,3.811355590820313,3.127795457839966,3.1248512268066406,3.542715311050415,3.542715311050415,3.3134219646453857,0.9686292409896852,0.9957901835441588,6.063931465148926,5.614019393920898,30,1.0,0,B,2027
5,150,0.3851296901702881,3.7982852458953857,4.152639865875244,4.152639865875244,4.0327911376953125,3.3003199100494385,3.2864832878112797,3.654175996780396,3.654175996780396,3.534954786300659,0.9959298372268676,0.9969281554222108,6.057682991027832,6.095941066741943,30,1.0,0,B,2027
6,180,0.4251620769500732,4.011719226837158,4.203064918518066,4.203064918518066,4.129727363586426,3.5133862495422363,3.456726312637329,3.704290628433228,3.704290628433228,3.6309800148010254,0.9966655969619752,0.9975486397743224,5.9168195724487305,6.114619255065918,30,1.0,0,B,2027
7,210,0.4635343551635742,4.12755823135376,4.275116920471191,4.275116920471191,4.186969757080078,3.6289122104644775,3.5,3.776463747024536,3.776463747024536,3.6884608268737793,0.9972930550575256,0.9973068237304688,5.985419750213623,6.099474906921387,30,1.0,0,B,2027
8,240,0.5089874267578125,4.167044639587402,4.278621673583984,4.278621673583984,4.2345404624938965,3.668482780456543,3.5,3.780050277709961,3.780050277709961,3.7361690998077393,0.9971237182617188,0.9971428513526917,6.0591559410095215,6.084122657775879,30,1.0,0,B,2027
9,270,0.5505537986755371,4.232049465179443,4.319676876068115,4.319676876068115,4.287755966186523,3.733626127243042,3.5,3.821125507354736,3.821125507354736,3.7895679473876953,0.996847689151764,0.997102677822113,6.082318305969238,5.884058952331543,30,1.0,0,B,2027
10,300,0.5850722789764404,4.277740955352783,4.360243320465088,4.360243320465088,4.321139812469482,3.77929425239563,3.5,3.860960721969605,3.860960721969605,3.8225364685058594,0.996892750263214,0.9985654950141908,6.077154159545898,6.161606788635254,30,1.0,0,B,2027
11,330,0.6291916370391846,4.287676811218262,4.360243320465088,4.360243320465088,4.331637859344482,3.789161682128906,3.5,3.860960721969605,3.860960721969605,3.8328843116760254,0.9970305562019348,0.9985654950141908,6.080027580261231,6.161606788635254,30,1.0,1,B,2027
12,360,0.6672894954681396,4.333066463470459,4.45367431640625,4.45367431640625,4.3786163330078125,3.834451913833618,3.5,3.955249071121216,3.955249071121216,3.8799006938934326,0.9972292184829712,0.9968500733375548,6.060575485229492,5.992955207824707,30,1.0,0,B,2027
1,30,0.2384464740753173,2.1113851070404053,3.151421546936035,3.151421546936035,2.921962022781372,1.6400892734527588,1.6400892734527588,2.65221643447876,2.65221643447876,2.4457995891571045,0.969274401664734,0.9984103441238404,5.9597930908203125,6.269123554229736,9,0.3,0,B,2028
2,60,0.2789859771728515,2.8353042602539062,3.3455746173858643,3.3455746173858643,3.133939504623413,2.3452439308166504,2.3452439308166504,2.8465828895568848,2.8465828895568848,2.6369149684906006,0.9922219514846802,0.9979835748672484,6.2377448081970215,6.1486992835998535,22,0.7333333333333333,0,B,2028
3,90,0.3138725757598877,3.052802801132202,3.3455746173858643,3.3455746173858643,3.215005874633789,2.601496696472168,2.601496696472168,2.8465828895568848,2.8465828895568848,2.716018915176392,0.9432108402252196,0.9979835748672484,6.226823329925537,6.1486992835998535,27,0.9,1,B,2028
4,120,0.3575906753540039,3.1920857429504395,3.4011363983154297,3.4011363983154297,3.290178775787353,2.6937239170074463,2.6937239170074463,2.9018375873565674,2.9018375873565674,2.791816234588623,0.9967238903045654,0.9985975623130798,6.285502910614014,5.981685638427734,30,1.0,0,B,2028
5,150,0.4002926349639892,3.26369047164917,3.445355176925659,3.445355176925659,3.3599770069122314,2.765075445175171,2.765075445175171,2.94588565826416,2.94588565826416,2.8612148761749268,0.9972293972969056,0.9989392161369324,6.255882740020752,6.1439313888549805,30,1.0,0,B,2028
6,180,0.4382760524749756,3.342445611953736,3.4960267543792725,3.4960267543792725,3.4225685596466064,2.8442156314849854,2.8442156314849854,2.999438524246216,2.999438524246216,2.92411208152771,0.9964586496353148,0.993176281452179,6.20026445388794,6.239861965179443,30,1.0,0,B,2028
7,210,0.482811689376831,3.421250820159912,3.5761663913726807,3.5761663913726807,3.48388671875,2.9230103492736816,2.9230103492736816,3.082736015319824,3.082736015319824,2.9866130352020264,0.9964810013771056,0.986860692501068,6.148288249969482,6.14967155456543,30,1.0,0,B,2028
8,240,0.5230026245117188,3.466634511947632,3.636916399002075,3.636916399002075,3.5340373516082764,2.9690630435943604,2.9690630435943604,3.1419355869293213,3.1419355869293213,3.037261247634888,0.9951437711715698,0.9899616241455078,6.1480488777160645,6.10344934463501,30,1.0,0,B,2028
9,270,0.5678787231445312,3.5498979091644287,3.665170192718506,3.665170192718506,3.620564222335816,3.052841663360596,3.052841663360596,3.1665568351745605,3.1665568351745605,3.1245815753936768,0.9941129684448242,0.997226893901825,6.134345054626465,6.170233726501465,30,1.0,0,B,2028
10,300,0.6111879348754883,3.618351936340332,3.707507133483887,3.707507133483887,3.675278425216675,3.122598886489868,3.122598886489868,3.2122414112091064,3.2122414112091064,3.179469347000122,0.9915066361427308,0.99053156375885,6.141035556793213,6.0674238204956055,30,1.0,0,B,2028
11,330,0.6512234210968018,3.666077136993408,3.7799696922302246,3.7799696922302246,3.710400342941284,3.171811580657959,3.171811580657959,3.3153750896453857,3.3153750896453857,3.21748161315918,0.9885308742523192,0.9291893243789672,6.165010929107666,6.232202529907227,30,1.0,0,B,2028
12,360,0.6947495937347412,3.709050416946411,3.820449590682984,3.820449590682984,3.77815318107605,3.220780849456787,3.220780849456787,3.3413493633270264,3.3413493633270264,3.2995400428771973,0.9765387773513794,0.958200454711914,6.212629795074463,6.236013412475586,30,1.0,0,B,2028
1,30,0.2720785140991211,2.308780670166016,3.2644920349121094,3.2644920349121094,3.003267765045166,1.8214565515518188,1.8214565515518188,2.771300792694092,2.771300792694092,2.510343313217163,0.97464781999588,0.9863827228546144,5.736767768859863,6.186009407043457,10,0.3333333333333333,0,B,2029
2,60,0.3129835128784179,2.9433672428131104,3.3146510124206543,3.3146510124206543,3.237330675125122,2.4664108753204346,2.4664108753204346,2.819701910018921,2.819701910018921,2.741236925125122,0.953912615776062,0.9898983836174012,6.192762851715088,6.946752071380615,28,0.9333333333333332,0,B,2029
3,90,0.3517394065856933,3.2052371501922607,3.3990354537963867,3.3990354537963867,3.311318874359131,2.712954521179199,2.712954521179199,2.90028715133667,2.90028715133667,2.813840866088867,0.9845662713050842,0.9974965453147888,6.492760181427002,6.562169075012207,30,1.0,0,B,2029
4,120,0.3945882320404053,3.312396049499512,3.4774205684661865,3.4774205684661865,3.3972039222717285,2.8141260147094727,2.8141260147094727,2.978005170822144,2.978005170822144,2.8985486030578613,0.9965407848358154,0.9988309741020204,6.555184841156006,5.659486293792725,30,1.0,0,B,2029
5,150,0.4376873970031738,3.4042532444000244,3.510336637496948,3.510336637496948,3.4567711353302,2.905214071273804,2.905214071273804,3.010707139968872,3.010707139968872,2.9572527408599854,0.998077154159546,0.9992589354515076,6.285731792449951,5.597198009490967,30,1.0,0,B,2029
6,180,0.4808180332183838,3.470093250274658,3.5924675464630127,3.5924675464630127,3.525714159011841,2.970578193664551,2.970578193664551,3.0928237438201904,3.0928237438201904,3.0261034965515137,0.9990308880805968,0.9992875456809998,5.897435188293457,5.669747352600098,30,1.0,0,B,2029
7,210,0.5254783630371094,3.518086194992065,3.599993228912353,3.599993228912353,3.586793899536133,3.0185465812683105,3.0185465812683105,3.100850343704224,3.100850343704224,3.087298631668091,0.9990804195404052,0.998285710811615,5.722376823425293,5.698432922363281,30,1.0,0,B,2029
8,240,0.5627472400665283,3.5668070316314697,3.632291316986084,3.632291316986084,3.603553295135498,3.067354440689087,3.067354440689087,3.1332950592041016,3.1332950592041016,3.104294776916504,0.9989054203033448,0.997992753982544,5.698927879333496,5.682073593139648,30,1.0,0,B,2029
9,270,0.6067049503326416,3.593419551849365,3.650393724441528,3.650393724441528,3.632307767868042,3.0941271781921387,3.0941271781921387,3.1529741287231445,3.1529741287231445,3.1333978176116943,0.9985857009887696,0.9948391318321228,5.738299369812012,5.770411014556885,30,1.0,0,B,2029
10,300,0.6499843597412109,3.623797655105591,3.702272415161133,3.702272415161133,3.658430814743042,3.124709129333496,3.124709129333496,3.203166007995605,3.203166007995605,3.159477949142456,0.9981773495674132,0.9982129335403442,5.725755214691162,5.703419208526611,30,1.0,0,B,2029
11,330,0.6870715618133545,3.651737928390503,3.742574691772461,3.742574691772461,3.697826862335205,3.152650594711304,3.152650594711304,3.242885112762451,3.242885112762451,3.1984763145446777,0.9981740713119508,0.9993791580200196,5.7427239418029785,5.835324764251709,30,1.0,0,B,2029
12,360,0.7314114570617676,3.690587520599365,3.7588915824890137,3.7588915824890137,3.735790967941284,3.1913559436798096,3.1913559436798096,3.2596588134765625,3.2596588134765625,3.2367217540740967,0.998464286327362,0.9984655380249025,5.766136646270752,5.739157199859619,30,1.0,0,B,2029
1,30,0.2363994121551513,1.968110203742981,3.675082683563232,3.675082683563232,2.966479539871216,1.4966145753860474,1.4966145753860474,3.267822027206421,3.267822027206421,2.4933454990386963,0.965093731880188,0.8145214319229126,5.8132429122924805,5.6635942459106445,5,0.1666666666666666,0,B,2030
2,60,0.2719147205352783,2.9471254348754883,3.691006660461426,3.691006660461426,3.4389541149139404,2.483263731002808,2.483263731002808,3.310333251953125,3.310333251953125,2.9989006519317627,0.9567692875862122,0.761346697807312,6.5216593742370605,5.638944625854492,16,0.5333333333333333,0,B,2030
3,90,0.3149762153625488,3.2933716773986816,3.691006660461426,3.691006660461426,3.639777660369873,2.965033054351806,2.965033054351806,3.310333251953125,3.310333251953125,3.226386308670044,0.7774055004119873,0.761346697807312,6.49467658996582,5.638944625854492,20,0.6666666666666666,1,B,2030
4,120,0.3589153289794922,3.538519382476806,3.730790615081787,3.730790615081787,3.6971898078918457,3.145702838897705,3.145702838897705,3.2962400913238525,3.310333251953125,3.291069507598877,0.8054602742195129,0.8691011667251587,5.940090656280518,5.60444974899292,28,0.9333333333333332,0,B,2030
5,150,0.4019055366516113,3.699862003326416,3.807333469390869,3.807333469390869,3.743554592132568,3.280738592147827,3.280738592147827,3.396737098693848,3.396737098693848,3.30494236946106,0.8382470011711121,0.8211926817893982,5.707687377929688,5.647640228271484,30,1.0,0,B,2030
6,180,0.4435524940490722,3.742179393768311,3.858021020889282,3.858021020889282,3.812040328979492,3.317617177963257,3.317617177963257,3.428030252456665,3.428030252456665,3.363215684890747,0.8491243720054626,0.8599815368652344,5.702213764190674,5.655566215515137,30,1.0,0,B,2030
7,210,0.4880871772766113,3.8163342475891113,3.993720531463623,3.993720531463623,3.894201278686523,3.390603542327881,3.390430688858032,3.4968042373657227,3.4968042373657227,3.43237566947937,0.8514614701271057,0.9938323497772216,5.67865800857544,5.576434135437012,30,1.0,0,B,2030
8,240,0.5220181941986084,3.8782782554626474,4.031087875366211,4.031087875366211,3.968880891799927,3.4190473556518555,3.417292594909668,3.533944606781006,3.533944606781006,3.4793059825897217,0.918462336063385,0.9942862391471864,5.641793727874756,5.5826029777526855,30,1.0,0,B,2030
9,270,0.5650560855865479,3.973332405090332,4.077317237854004,4.077317237854004,4.029027938842773,3.485790491104126,3.471698522567749,3.581610918045044,3.581610918045044,3.5406711101531982,0.9750843048095704,0.9914121627807616,5.589591026306152,5.6292405128479,30,1.0,0,B,2030
10,300,0.6009747982025146,4.011568069458008,4.089768886566162,4.089768886566162,4.062267303466797,3.5229477882385254,3.491029024124145,3.5928311347961426,3.5928311347961426,3.5720810890197754,0.9772407412528992,0.9938755631446838,5.571881294250488,5.578156471252441,30,1.0,0,B,2030
11,330,0.6436152458190918,4.037367820739746,4.110323905944824,4.110323905944824,4.090738773345947,3.542837619781494,3.490605354309082,3.611939668655396,3.611939668655396,3.593057632446289,0.9890611171722412,0.996768593788147,5.588548183441162,5.583817958831787,30,1.0,0,B,2030
12,360,0.6837518215179443,4.093701362609863,4.20311164855957,4.20311164855957,4.137998104095459,3.59645414352417,3.5,3.704096555709839,3.704096555709839,3.640037059783936,0.9944945573806764,0.9980302453041076,5.616155624389648,5.520001411437988,30,1.0,0,B,2030
1,30,0.2465438842773437,2.195761442184448,3.414327621459961,3.414327621459961,2.8718795776367188,1.8512952327728271,1.8512952327728271,2.914358377456665,2.914358377456665,2.4085917472839355,0.7952008843421936,0.9999387264251708,5.377324104309082,5.214848518371582,9,0.3,0,C,2026
2,60,0.2916686534881592,2.838478803634644,3.414327621459961,3.414327621459961,3.258781909942627,2.362431049346924,2.362431049346924,2.914358377456665,2.914358377456665,2.7588953971862797,0.9520953297615052,0.9999387264251708,5.575035095214844,5.214848518371582,24,0.8,1,C,2026
3,90,0.3299345970153808,3.181206703186035,3.423194408416748,3.423194408416748,3.3918700218200684,2.6862776279449463,2.6862776279449463,2.923245906829834,2.923245906829834,2.89189887046814,0.989859402179718,0.999897003173828,5.893922328948975,4.99579381942749,30,1.0,0,C,2026
4,120,0.3719303607940674,3.3572206497192383,3.51028060913086,3.51028060913086,3.4413344860076904,2.857269048690796,2.857269048690796,3.01029109954834,3.01029109954834,2.9413604736328125,0.9999025464057922,0.9999790191650392,5.558061122894287,5.537614822387695,30,1.0,0,C,2026
5,150,0.4156630039215088,3.50681471824646,3.698073387145996,3.698073387145996,3.627020359039306,3.0068318843841557,3.0068318843841557,3.198084592819214,3.198084592819214,3.1270318031311035,0.9999651312828064,0.9999775886535645,5.391242027282715,4.976457595825195,30,1.0,0,C,2026
6,180,0.454150915145874,3.604464054107666,3.711704015731812,3.711704015731812,3.6880602836608887,3.1044762134552,3.1044762134552,3.211713552474976,3.211713552474976,3.1880714893341064,0.9999754428863524,0.999980926513672,5.232954025268555,5.023804664611816,30,1.0,0,C,2026
7,210,0.4983117580413818,3.684323787689209,3.7713472843170166,3.7713472843170166,3.7280991077423096,3.184334754943848,3.184334754943848,3.271358013153076,3.271358013153076,3.228109836578369,0.999978244304657,0.9999784231185912,5.031188011169434,5.028831481933594,30,1.0,0,C,2026
8,240,0.5386290550231934,3.719550848007202,3.7857413291931152,3.7857413291931152,3.7646384239196777,3.219562292098999,3.219562292098999,3.285750150680542,3.285750150680542,3.2646484375,0.9999778866767884,0.9999822378158568,5.009524822235107,5.000375270843506,30,1.0,0,C,2026
9,270,0.5826010704040527,3.7436115741729736,3.834851026535034,3.834851026535034,3.7850875854492183,3.243621826171875,3.243621826171875,3.3348634243011475,3.3348634243011475,3.2850983142852783,0.999978482723236,0.999975085258484,5.009110927581787,5.021792888641357,30,1.0,0,C,2026
10,300,0.626305103302002,3.7741386890411377,3.874086141586304,3.874086141586304,3.8145384788513184,3.2741496562957764,3.2741496562957764,3.374098062515259,3.374098062515259,3.314549684524536,0.9999783039093018,0.9999760389328004,5.041758060455322,5.051649570465088,30,1.0,0,C,2026
11,330,0.6702919006347656,3.802314519882202,3.9180867671966553,3.9180867671966553,3.8502357006073,3.302325963973999,3.302325963973999,3.418097972869873,3.418097972869873,3.350247621536255,0.9999777674674988,0.9999775886535645,5.068304061889648,5.062132835388184,30,1.0,0,C,2026
12,360,0.7115170955657959,3.845725536346436,3.9180867671966553,3.9180867671966553,3.8866124153137207,3.345738172531128,3.345738172531128,3.418097972869873,3.418097972869873,3.386624574661255,0.9999751448631288,0.9999775886535645,5.07197904586792,5.062132835388184,30,1.0,1,C,2026
1,30,0.2418301105499267,2.195761442184448,3.414327621459961,3.414327621459961,2.8718795776367188,1.851294994354248,1.851294994354248,2.914358377456665,2.914358377456665,2.4085917472839355,0.7952008843421936,0.9999387264251708,5.37732458114624,5.214848518371582,9,0.3,0,C,2027
2,60,0.2812850475311279,2.731025218963623,3.479177713394165,3.479177713394165,3.2017834186553955,2.30838680267334,2.30838680267334,2.9792122840881348,2.9792122840881348,2.701901912689209,0.8824004530906677,0.99993097782135,5.948779106140137,5.196383476257324,18,0.6,0,C,2027
3,90,0.3257148265838623,3.088850259780884,3.479177713394165,3.479177713394165,3.326580762863159,2.606361627578736,2.606361627578736,2.9792122840881348,2.9792122840881348,2.8266704082489014,0.9663311243057252,0.99993097782135,5.888928890228272,5.196383476257324,29,0.9666666666666668,1,C,2027
4,120,0.3661515712738037,3.257979154586792,3.5089550018310547,3.5089550018310547,3.4431629180908203,2.760718822479248,2.760718822479248,3.008987665176392,3.008987665176392,2.9431939125061035,0.9945195317268372,0.9999345541000366,5.537757873535156,5.200421333312988,30,1.0,0,C,2027
5,150,0.4110414981842041,3.4298555850982666,3.5089550018310547,3.5089550018310547,3.482689619064331,2.929895162582397,2.929895162582397,3.008987665176392,3.008987665176392,2.982722282409668,0.9999212026596068,0.9999345541000366,5.270483016967773,5.200421333312988,30,1.0,1,C,2027
6,180,0.4560174942016601,3.471904993057251,3.5389344692230225,3.5389344692230225,3.506181240081787,2.971937656402588,2.971937656402588,3.03896427154541,3.03896427154541,3.0062127113342285,0.9999350309371948,0.9999403953552246,5.220625877380371,5.258009910583496,30,1.0,0,C,2027
7,210,0.489133358001709,3.4895713329315186,3.573091983795166,3.573091983795166,3.525862216949463,2.9896042346954346,2.9896042346954346,3.0731167793273926,3.0731167793273926,3.0258941650390625,0.9999350905418396,0.9999502897262572,5.23070240020752,5.084092617034912,30,1.0,0,C,2027
8,240,0.5288357734680176,3.515585422515869,3.619822025299072,3.619822025299072,3.5593552589416504,3.0156171321868896,3.0156171321868896,3.119848251342773,3.119848251342773,3.0593836307525635,0.9999364614486694,0.9999473094940186,5.229097366333008,5.063401699066162,30,1.0,0,C,2027
9,270,0.5649540424346924,3.5448718070983887,3.619822025299072,3.619822025299072,3.594775438308716,3.0449020862579346,3.0449020862579346,3.119848251342773,3.119848251342773,3.09480357170105,0.99993896484375,0.9999473094940186,5.203216552734375,5.063401699066162,30,1.0,1,C,2027
10,300,0.6067705154418945,3.583381414413452,3.6368930339813232,3.6368930339813232,3.616454601287842,3.08341121673584,3.08341121673584,3.1369192600250244,3.1369192600250244,3.116481065750122,0.9999400973320008,0.9999476671218872,5.153684139251709,5.090702056884766,30,1.0,0,C,2027
11,330,0.6474697589874268,3.60960054397583,3.65512752532959,3.65512752532959,3.632697343826294,3.10962986946106,3.10962986946106,3.155156135559082,3.155156135559082,3.132723808288574,0.9999408721923828,0.9999428987503052,5.143517971038818,5.110009670257568,30,1.0,0,C,2027
12,360,0.6890602111816406,3.6309926509857178,3.67783784866333,3.67783784866333,3.65717363357544,3.131018877029419,3.131018877029419,3.177863836288452,3.177863836288452,3.157200574874878,0.9999467134475708,0.999948024749756,5.1167731285095215,5.082828998565674,30,1.0,0,C,2027
1,30,0.2336094379425048,2.195761203765869,3.414327621459961,3.414327621459961,2.8718795776367188,1.8512951135635376,1.8512951135635376,2.914358377456665,2.914358377456665,2.4085917472839355,0.7952008843421936,0.9999387264251708,5.377325057983398,5.214848518371582,9,0.3,0,C,2028
2,60,0.2776734828948974,2.9126081466674805,3.5058865547180176,3.5058865547180176,3.3340792655944824,2.4403908252716064,2.4403908252716064,3.005927562713623,3.005927562713623,2.83412766456604,0.9622659087181092,0.99991774559021,5.307111740112305,4.10106372833252,25,0.8333333333333334,0,C,2028
3,90,0.3211681842803955,3.3107430934906006,3.5058865547180176,3.5058865547180176,3.4593594074249268,2.810835599899292,2.810835599899292,3.005927562713623,3.005927562713623,2.9593873023986816,0.999815821647644,0.99991774559021,5.256889820098877,4.10106372833252,30,1.0,1,C,2028
4,120,0.3626883029937744,3.4097650051116943,3.5287892818450928,3.5287892818450928,3.493878126144409,2.9099223613739014,2.9099223613739014,3.028830051422119,3.028830051422119,2.993905544281006,0.999685525894165,0.9999183416366576,4.968222141265869,4.179347515106201,30,1.0,0,C,2028
5,150,0.4060389995574951,3.51013445854187,3.650189876556397,3.650189876556397,3.5861759185791016,3.010161876678467,3.010161876678467,3.150202512741089,3.150202512741089,3.0861964225769043,0.9999449253082277,0.9999748468399048,4.5469841957092285,4.855262756347656,30,1.0,0,C,2028
6,180,0.4411005973815918,3.6021316051483154,3.723640203475952,3.723640203475952,3.664541244506836,3.102152109146118,3.102152109146118,3.22365403175354,3.22365403175354,3.164555072784424,0.9999592304229736,0.9999723434448242,4.612032413482666,4.739370346069336,30,1.0,0,C,2028
7,210,0.4833199977874756,3.665229797363281,3.737924814224243,3.737924814224243,3.710097551345825,3.16524338722229,3.16524338722229,3.237938165664673,3.237938165664673,3.210111141204834,0.9999730587005616,0.9999732971191406,4.756704807281494,4.753561973571777,30,1.0,0,C,2028
8,240,0.5188109874725342,3.692472934722901,3.745340347290039,3.745340347290039,3.733335018157959,3.1924867630004883,3.1924867630004883,3.2453529834747314,3.2453529834747314,3.2333483695983887,0.9999727010726928,0.9999747276306152,4.804915428161621,4.805014610290527,30,1.0,0,C,2028
9,270,0.5601041316986084,3.7156503200531006,3.806809902191162,3.806809902191162,3.756240367889404,3.2156641483306885,3.2156641483306885,3.306826591491699,3.306826591491699,3.2562546730041504,0.9999721050262452,0.9999665021896362,4.811071395874023,4.876713752746582,30,1.0,0,C,2028
10,300,0.6014013290405273,3.7408194541931152,3.826248168945313,3.826248168945313,3.787900447845459,3.240833282470703,3.240833282470703,3.326263427734375,3.326263427734375,3.287914991378784,0.9999720454216005,0.999969482421875,4.806154251098633,4.774667263031006,30,1.0,0,C,2028
11,330,0.6389245986938477,3.7741658687591553,3.841660499572754,3.841660499572754,3.8237767219543457,3.2741811275482178,3.2741811275482178,3.3416748046875,3.3416748046875,3.3237922191619877,0.999969720840454,0.9999711513519288,4.813380718231201,4.798611640930176,30,1.0,0,C,2028
12,360,0.6787729263305664,3.818907260894776,3.892887592315674,3.892887592315674,3.854374647140503,3.3189239501953125,3.3189239501953125,3.392902612686157,3.392902612686157,3.354391574859619,0.9999669194221495,0.9999698400497437,4.857666969299316,4.829298973083496,30,1.0,0,C,2028
1,30,0.2399864196777343,2.195761203765869,3.414327621459961,3.414327621459961,2.8718795776367188,1.851294994354248,1.851294994354248,2.914358377456665,2.914358377456665,2.4085917472839355,0.7952009439468384,0.9999387264251708,5.37732458114624,5.214848518371582,9,0.3,0,C,2029
2,60,0.2847685813903808,2.812577247619629,3.414327621459961,3.414327621459961,3.223367691040039,2.336514949798584,2.336514949798584,2.914358377456665,2.914358377456665,2.7235066890716557,0.9634550213813782,0.9999387264251708,5.764925479888916,5.214848518371582,23,0.7666666666666667,1,C,2029
3,90,0.3279104232788086,3.1328299045562744,3.420807123184204,3.420807123184204,3.319234132766724,2.637460470199585,2.637460470199585,2.9208362102508545,2.9208362102508545,2.8193538188934326,0.990738332271576,0.9999418258666992,5.945571422576904,5.22261905670166,29,0.9666666666666668,0,C,2029
4,120,0.3619058132171631,3.3171398639678955,3.5669679641723637,3.5669679641723637,3.428154706954956,2.8172507286071777,2.8172507286071777,3.0669949054718018,3.0669949054718018,2.928175449371338,0.99977844953537,0.999946117401123,5.69252872467041,5.118081569671631,30,1.0,0,C,2029
5,150,0.4060244560241699,3.456162214279175,3.599478244781494,3.599478244781494,3.571836471557617,2.9561946392059326,2.9561946392059326,3.0994973182678223,3.0994973182678223,3.0718560218811035,0.9999344944953918,0.9999617338180542,5.147091388702393,4.825374126434326,30,1.0,0,C,2029
6,180,0.4469714164733886,3.5673325061798096,3.676557064056397,3.676557064056397,3.626477718353272,3.067349433898926,3.067349433898926,3.176569700241089,3.176569700241089,3.126492500305176,0.9999653100967408,0.9999748468399048,4.937156200408936,4.955551624298096,30,1.0,0,C,2029
7,210,0.4882633686065674,3.604782342910767,3.7601513862609854,3.7601513862609854,3.670313596725464,3.1047983169555664,3.1047983169555664,3.2601659297943115,3.2601659297943115,3.170328378677368,0.9999678134918212,0.99997079372406,4.942883014678955,4.739001750946045,30,1.0,0,C,2029
8,240,0.5311434268951416,3.686789989471436,3.812097549438477,3.812097549438477,3.770516157150269,3.186805248260498,3.186805248260498,3.3121120929718018,3.3121120929718018,3.2705307006835938,0.9999693036079408,0.99997079372406,4.916219234466553,4.741791248321533,30,1.0,0,C,2029
9,270,0.5671501159667969,3.737137317657471,3.812097549438477,3.812097549438477,3.792299270629883,3.2371532917022705,3.2371532917022705,3.3121120929718018,3.3121120929718018,3.2923150062561035,0.999969482421875,0.99997079372406,4.8656439781188965,4.741791248321533,30,1.0,1,C,2029
10,300,0.6110427379608154,3.7893941402435294,3.8670825958251953,3.8670825958251953,3.823452472686768,3.289409875869751,3.289409875869751,3.367095708847046,3.367095708847046,3.32346773147583,0.9999685883522034,0.9999737739562988,4.863066673278809,4.81629753112793,30,1.0,0,C,2029
11,330,0.6554501056671143,3.817862272262573,3.882208585739136,3.882208585739136,3.861384630203247,3.3178772926330566,3.3178772926330566,3.382223606109619,3.382223606109619,3.361400604248047,0.999969482421875,0.9999699592590332,4.847745418548584,4.830018043518066,30,1.0,0,C,2029
12,360,0.6916995048522949,3.854291677474976,3.9244775772094727,3.9244775772094727,3.890540599822998,3.3543078899383545,3.3543078899383545,3.424494504928589,3.424494504928589,3.390557050704956,0.9999671578407288,0.9999663829803468,4.86698579788208,4.729119300842285,30,1.0,0,C,2029
1,30,0.2408373355865478,2.195761203765869,3.414327621459961,3.414327621459961,2.8718795776367188,1.851294994354248,1.851294994354248,2.914358377456665,2.914358377456665,2.4085917472839355,0.795200765132904,0.9999387264251708,5.37732458114624,5.214848518371582,9,0.3,0,C,2030
2,60,0.2844870090484619,2.9529054164886475,3.443782329559326,3.443782329559326,3.365121364593506,2.475392818450928,2.475392818450928,2.9438018798828125,2.9438018798828125,2.8651440143585205,0.9573211073875428,0.9999611377716064,5.796000003814697,5.110610008239746,23,0.7666666666666667,0,C,2030
3,90,0.3191003799438476,3.338000059127808,3.565295457839966,3.565295457839966,3.5041489601135254,2.853821277618408,2.853821277618408,3.065315008163452,3.065315008163452,3.004166603088379,0.9697921872138976,0.9999610185623168,5.581433296203613,4.972896575927734,28,0.9333333333333332,0,C,2030
4,120,0.3622999191284179,3.5043344497680664,3.6346163749694815,3.6346163749694815,3.5743560791015625,3.0043509006500244,3.0043509006500244,3.134629726409912,3.134629726409912,3.074371576309204,0.999967396259308,0.9999730587005616,5.110907077789307,4.90461015701294,30,1.0,0,C,2030
5,150,0.3957443237304687,3.5521080493927,3.6346163749694815,3.6346163749694815,3.612429857254028,3.052123785018921,3.052123785018921,3.134629726409912,3.134629726409912,3.112443685531616,0.999968409538269,0.9999730587005616,5.020297050476074,4.90461015701294,30,1.0,1,C,2030
6,180,0.4395811557769775,3.60405945777893,3.6860084533691406,3.6860084533691406,3.648127317428589,3.104074001312256,3.104074001312256,3.186021327972412,3.186021327972412,3.148141384124756,0.9999704957008362,0.999974250793457,4.994935989379883,5.020916938781738,30,1.0,0,C,2030
7,210,0.480327844619751,3.64154577255249,3.6994876861572266,3.6994876861572266,3.678170680999756,3.1415603160858154,3.1415603160858154,3.199502468109131,3.199502468109131,3.178184032440185,0.9999714493751526,0.999970316886902,5.01712703704834,5.042892456054688,30,1.0,0,C,2030
8,240,0.5228672027587891,3.65923523902893,3.727734088897705,3.727734088897705,3.699928998947144,3.1592493057250977,3.1592493057250977,3.227746725082397,3.227746725082397,3.1999430656433105,0.99997079372406,0.9999747276306152,5.029331684112549,4.983822822570801,30,1.0,0,C,2030
9,270,0.5641281604766846,3.694284200668335,3.7380526065826416,3.7380526065826416,3.724095106124878,3.194299459457397,3.194299459457397,3.238068103790283,3.238068103790283,3.2241103649139404,0.9999696016311646,0.9999690055847168,5.0564703941345215,5.095008850097656,30,1.0,0,C,2030
10,300,0.601870059967041,3.713777303695679,3.7602014541625977,3.7602014541625977,3.744263410568237,3.213792562484741,3.213792562484741,3.26021409034729,3.26021409034729,3.2442784309387207,0.9999691843986512,0.999974489212036,5.057530879974365,5.040534019470215,30,1.0,0,C,2030
11,330,0.6426835060119629,3.736628770828247,3.776060104370117,3.776060104370117,3.761993408203125,3.2366440296173096,3.2366440296173096,3.276078701019287,3.276078701019287,3.2620091438293457,0.999969482421875,0.999962568283081,5.070340633392334,5.161645412445068,30,1.0,0,C,2030
12,360,0.6832609176635742,3.753567934036255,3.831706285476685,3.831706285476685,3.790636777877808,3.2535831928253174,3.2535831928253174,3.3317179679870605,3.3317179679870605,3.290651798248291,0.9999688863754272,0.9999765157699584,5.050502300262451,5.026477336883545,30,1.0,0,C,2030
1,30,0.238760232925415,2.195761442184448,3.414327621459961,3.414327621459961,2.8718795776367188,1.8512952327728271,1.8512952327728271,2.914358377456665,2.914358377456665,2.4085917472839355,0.7952008843421936,0.9999387264251708,5.377324104309082,5.214848518371582,9,0.3,0,D,2026
2,60,0.2808411121368408,2.838478803634644,3.414327621459961,3.414327621459961,3.258781909942627,2.362431049346924,2.362431049346924,2.914358377456665,2.914358377456665,2.7588953971862797,0.9520953297615052,0.9999387264251708,5.575035095214844,5.214848518371582,24,0.8,1,D,2026
3,90,0.3243277072906494,3.181206703186035,3.423194408416748,3.423194408416748,3.3918700218200684,2.6862776279449463,2.6862776279449463,2.923245906829834,2.923245906829834,2.89189887046814,0.989859402179718,0.999897003173828,5.893922328948975,4.99579381942749,30,1.0,0,D,2026
4,120,0.3652753829956054,3.3572206497192383,3.51028060913086,3.51028060913086,3.4413344860076904,2.857269048690796,2.857269048690796,3.01029109954834,3.01029109954834,2.9413604736328125,0.9999025464057922,0.9999790191650392,5.558061122894287,5.537614822387695,30,1.0,0,D,2026
5,150,0.4107844829559326,3.50681471824646,3.698073387145996,3.698073387145996,3.627020359039306,3.0068318843841557,3.0068318843841557,3.198084592819214,3.198084592819214,3.1270318031311035,0.9999651312828064,0.9999775886535645,5.391242027282715,4.976457595825195,30,1.0,0,D,2026
6,180,0.4548404216766357,3.604464054107666,3.711704015731812,3.711704015731812,3.6880602836608887,3.1044762134552,3.1044762134552,3.211713552474976,3.211713552474976,3.1880714893341064,0.9999754428863524,0.999980926513672,5.232954025268555,5.023804664611816,30,1.0,0,D,2026
7,210,0.4925801753997803,3.684323787689209,3.7713472843170166,3.7713472843170166,3.7280991077423096,3.184334754943848,3.184334754943848,3.271358013153076,3.271358013153076,3.228109836578369,0.999978244304657,0.9999784231185912,5.031188011169434,5.028831481933594,30,1.0,0,D,2026
8,240,0.5362269878387451,3.719550848007202,3.7857413291931152,3.7857413291931152,3.7646384239196777,3.219562292098999,3.219562292098999,3.285750150680542,3.285750150680542,3.2646484375,0.9999778866767884,0.9999822378158568,5.009524822235107,5.000375270843506,30,1.0,0,D,2026
9,270,0.5792102813720703,3.7436115741729736,3.834851026535034,3.834851026535034,3.7850875854492183,3.243621826171875,3.243621826171875,3.3348634243011475,3.3348634243011475,3.2850983142852783,0.999978482723236,0.999975085258484,5.009110927581787,5.021792888641357,30,1.0,0,D,2026
10,300,5.58109974861145,3.7895357608795166,3.969562292098999,3.969562292098999,3.834930419921875,3.289567470550537,3.289567470550537,3.46964168548584,3.46964168548584,3.335005283355713,0.9999362826347352,0.9998410940170288,5.185985088348389,6.977885246276856,30,1.0,0,D,2026
11,330,5.625522375106812,3.825640201568604,3.969562292098999,3.969562292098999,3.898339509963989,3.3256657123565674,3.3256657123565674,3.46964168548584,3.46964168548584,3.398392915725708,0.9999496340751648,0.9998410940170288,5.269182205200195,6.977885246276856,30,1.0,1,D,2026
12,360,5.660930156707764,3.889047861099243,3.972785234451294,3.972785234451294,3.942715883255005,3.389091968536377,3.389091968536377,3.4728453159332275,3.4728453159332275,3.4427521228790283,0.99991112947464,0.9998798370361328,5.4900078773498535,6.674449920654297,30,1.0,0,D,2026
1,30,0.2480278015136718,2.195761442184448,3.414327621459961,3.414327621459961,2.8718795776367188,1.851294994354248,1.851294994354248,2.914358377456665,2.914358377456665,2.4085917472839355,0.7952008843421936,0.9999387264251708,5.37732458114624,5.214848518371582,9,0.3,0,D,2027
2,60,0.287825345993042,2.731025218963623,3.479177713394165,3.479177713394165,3.2017834186553955,2.30838680267334,2.30838680267334,2.9792122840881348,2.9792122840881348,2.701901912689209,0.8824004530906677,0.99993097782135,5.948779106140137,5.196383476257324,18,0.6,0,D,2027
3,90,0.3323264122009277,3.088850259780884,3.479177713394165,3.479177713394165,3.326580762863159,2.606361627578736,2.606361627578736,2.9792122840881348,2.9792122840881348,2.8266704082489014,0.9663311243057252,0.99993097782135,5.888928890228272,5.196383476257324,29,0.9666666666666668,1,D,2027
4,120,0.3710215091705322,3.257979154586792,3.5089550018310547,3.5089550018310547,3.4431629180908203,2.760718822479248,2.760718822479248,3.008987665176392,3.008987665176392,2.9431939125061035,0.9945195317268372,0.9999345541000366,5.537757873535156,5.200421333312988,30,1.0,0,D,2027
5,150,0.4128022193908691,3.4298555850982666,3.5089550018310547,3.5089550018310547,3.482689619064331,2.929895162582397,2.929895162582397,3.008987665176392,3.008987665176392,2.982722282409668,0.9999212026596068,0.9999345541000366,5.270483016967773,5.200421333312988,30,1.0,1,D,2027
6,180,0.4540266990661621,3.471904993057251,3.5389344692230225,3.5389344692230225,3.506181240081787,2.971937656402588,2.971937656402588,3.03896427154541,3.03896427154541,3.0062127113342285,0.9999350309371948,0.9999403953552246,5.220625877380371,5.258009910583496,30,1.0,0,D,2027
7,210,0.4955580234527588,3.4895713329315186,3.573091983795166,3.573091983795166,3.525862216949463,2.9896042346954346,2.9896042346954346,3.0731167793273926,3.0731167793273926,3.0258941650390625,0.9999350905418396,0.9999502897262572,5.23070240020752,5.084092617034912,30,1.0,0,D,2027
8,240,0.5376970767974854,3.515585422515869,3.619822025299072,3.619822025299072,3.5593552589416504,3.0156171321868896,3.0156171321868896,3.119848251342773,3.119848251342773,3.0593836307525635,0.9999364614486694,0.9999473094940186,5.229097366333008,5.063401699066162,30,1.0,0,D,2027
9,270,0.5736355781555176,3.5448718070983887,3.619822025299072,3.619822025299072,3.594775438308716,3.0449020862579346,3.0449020862579346,3.119848251342773,3.119848251342773,3.09480357170105,0.99993896484375,0.9999473094940186,5.203216552734375,5.063401699066162,30,1.0,1,D,2027
10,300,5.450899362564087,3.6100258827209473,3.95840072631836,3.95840072631836,3.676896572113037,3.1103663444519043,3.1103663444519043,3.4589009284973145,3.4589009284973145,3.177855968475342,0.999318301677704,0.9989997744560242,5.278189659118652,6.949524879455566,30,1.0,0,D,2027
11,330,5.486152410507202,3.662120342254639,3.96959400177002,3.96959400177002,3.780148267745972,3.162803649902344,3.162803649902344,3.4699621200561523,3.4699621200561523,3.282136917114258,0.9986326694488524,0.9992639422416688,5.473990440368652,6.976998329162598,30,1.0,0,D,2027
12,360,5.529072284698486,3.864593744277954,4.167633056640625,4.167633056640625,4.007401466369629,3.366398811340332,3.356961250305176,3.6688425540924072,3.6688425540924072,3.5082805156707764,0.996390461921692,0.9975811243057252,6.38713264465332,6.231788635253906,30,1.0,0,D,2027
1,30,0.2350103855133056,2.195761203765869,3.414327621459961,3.414327621459961,2.8718795776367188,1.8512951135635376,1.8512951135635376,2.914358377456665,2.914358377456665,2.4085917472839355,0.7952008843421936,0.9999387264251708,5.377325057983398,5.214848518371582,9,0.3,0,D,2028
2,60,0.2775094509124756,2.9126081466674805,3.5058865547180176,3.5058865547180176,3.3340792655944824,2.4403908252716064,2.4403908252716064,3.005927562713623,3.005927562713623,2.83412766456604,0.9622659087181092,0.99991774559021,5.307111740112305,4.10106372833252,25,0.8333333333333334,0,D,2028
3,90,0.3128662109375,3.3107430934906006,3.5058865547180176,3.5058865547180176,3.4593594074249268,2.810835599899292,2.810835599899292,3.005927562713623,3.005927562713623,2.9593873023986816,0.999815821647644,0.99991774559021,5.256889820098877,4.10106372833252,30,1.0,1,D,2028
4,120,0.3554508686065674,3.4097650051116943,3.5287892818450928,3.5287892818450928,3.493878126144409,2.9099223613739014,2.9099223613739014,3.028830051422119,3.028830051422119,2.993905544281006,0.999685525894165,0.9999183416366576,4.968222141265869,4.179347515106201,30,1.0,0,D,2028
5,150,0.398491621017456,3.51013445854187,3.650189876556397,3.650189876556397,3.5861759185791016,3.010161876678467,3.010161876678467,3.150202512741089,3.150202512741089,3.0861964225769043,0.9999449253082277,0.9999748468399048,4.5469841957092285,4.855262756347656,30,1.0,0,D,2028
6,180,0.4318640232086181,3.6021316051483154,3.723640203475952,3.723640203475952,3.664541244506836,3.102152109146118,3.102152109146118,3.22365403175354,3.22365403175354,3.164555072784424,0.9999592304229736,0.9999723434448242,4.612032413482666,4.739370346069336,30,1.0,0,D,2028
7,210,0.4716424942016601,3.665229797363281,3.737924814224243,3.737924814224243,3.710097551345825,3.16524338722229,3.16524338722229,3.237938165664673,3.237938165664673,3.210111141204834,0.9999730587005616,0.9999732971191406,4.756704807281494,4.753561973571777,30,1.0,0,D,2028
8,240,0.5077216625213623,3.692472934722901,3.745340347290039,3.745340347290039,3.733335018157959,3.1924867630004883,3.1924867630004883,3.2453529834747314,3.2453529834747314,3.2333483695983887,0.9999727010726928,0.9999747276306152,4.804915428161621,4.805014610290527,30,1.0,0,D,2028
9,270,0.5491611957550049,3.7156503200531006,3.806809902191162,3.806809902191162,3.756240367889404,3.2156641483306885,3.2156641483306885,3.306826591491699,3.306826591491699,3.2562546730041504,0.9999721050262452,0.9999665021896362,4.811071395874023,4.876713752746582,30,1.0,0,D,2028
10,300,5.162316083908081,3.753639936447144,3.89297866821289,3.89297866821289,3.805650234222412,3.2539055347442627,3.2539055347442627,3.3935470581054688,3.3935470581054688,3.3064193725585938,0.99984472990036,0.9988632202148438,4.9645771980285645,6.915941715240479,29,0.9666666666666668,0,D,2028
11,330,5.198143005371094,3.8085591793060303,3.89297866821289,3.89297866821289,3.863287687301636,3.3092615604400635,3.3092615604400635,3.3935470581054688,3.3935470581054688,3.363591432571411,0.9995443820953368,0.9988632202148438,5.40303373336792,6.915941715240479,27,0.9,1,D,2028
12,360,5.241812467575073,3.856531858444214,3.944254159927368,3.944254159927368,3.898250579833984,3.356851816177368,3.356851816177368,3.444264411926269,3.444264411926269,3.398656845092773,0.9993607997894288,0.9999794960021972,5.905848026275635,5.038167476654053,30,1.0,0,D,2028
1,30,0.2494456768035888,2.195761203765869,3.414327621459961,3.414327621459961,2.8718795776367188,1.851294994354248,1.851294994354248,2.914358377456665,2.914358377456665,2.4085917472839355,0.7952009439468384,0.9999387264251708,5.37732458114624,5.214848518371582,9,0.3,0,D,2029
2,60,0.2918121814727783,2.812577247619629,3.414327621459961,3.414327621459961,3.223367691040039,2.336514949798584,2.336514949798584,2.914358377456665,2.914358377456665,2.7235066890716557,0.9634550213813782,0.9999387264251708,5.764925479888916,5.214848518371582,23,0.7666666666666667,1,D,2029
3,90,0.3326249122619629,3.1328299045562744,3.420807123184204,3.420807123184204,3.319234132766724,2.637460470199585,2.637460470199585,2.9208362102508545,2.9208362102508545,2.8193538188934326,0.990738332271576,0.9999418258666992,5.945571422576904,5.22261905670166,29,0.9666666666666668,0,D,2029
4,120,0.3668355941772461,3.3171398639678955,3.5669679641723637,3.5669679641723637,3.428154706954956,2.8172507286071777,2.8172507286071777,3.0669949054718018,3.0669949054718018,2.928175449371338,0.99977844953537,0.999946117401123,5.69252872467041,5.118081569671631,30,1.0,0,D,2029
5,150,0.408583402633667,3.456162214279175,3.599478244781494,3.599478244781494,3.571836471557617,2.9561946392059326,2.9561946392059326,3.0994973182678223,3.0994973182678223,3.0718560218811035,0.9999344944953918,0.9999617338180542,5.147091388702393,4.825374126434326,30,1.0,0,D,2029
6,180,0.4491686820983886,3.5673325061798096,3.676557064056397,3.676557064056397,3.626477718353272,3.067349433898926,3.067349433898926,3.176569700241089,3.176569700241089,3.126492500305176,0.9999653100967408,0.9999748468399048,4.937156200408936,4.955551624298096,30,1.0,0,D,2029
7,210,0.4932477474212646,3.604782342910767,3.7601513862609854,3.7601513862609854,3.670313596725464,3.1047983169555664,3.1047983169555664,3.2601659297943115,3.2601659297943115,3.170328378677368,0.9999678134918212,0.99997079372406,4.942883014678955,4.739001750946045,30,1.0,0,D,2029
8,240,0.5358927249908447,3.686789989471436,3.812097549438477,3.812097549438477,3.770516157150269,3.186805248260498,3.186805248260498,3.3121120929718018,3.3121120929718018,3.2705307006835938,0.9999693036079408,0.99997079372406,4.916219234466553,4.741791248321533,30,1.0,0,D,2029
9,270,0.5707721710205078,3.737137317657471,3.812097549438477,3.812097549438477,3.792299270629883,3.2371532917022705,3.2371532917022705,3.3121120929718018,3.3121120929718018,3.2923150062561035,0.999969482421875,0.99997079372406,4.8656439781188965,4.741791248321533,30,1.0,1,D,2029
10,300,5.393947601318359,3.7996113300323486,3.8995418548583984,3.8995418548583984,3.837057590484619,3.3001272678375244,3.3001272678375244,3.399963617324829,3.399963617324829,3.3385727405548096,0.9993661046028136,0.9991565942764282,5.012444972991943,7.013108730316162,29,0.9666666666666668,0,D,2029
11,330,5.444834232330322,3.837515592575073,3.953445434570313,3.953445434570313,3.889980792999268,3.3386683464050293,3.3386683464050293,3.4534640312194824,3.4534640312194824,3.3901114463806152,0.9984410405158995,0.9999629259109496,5.288084506988525,5.097355842590332,28,0.9333333333333332,0,D,2029
12,360,5.494935750961304,3.884683847427368,3.993474721908569,3.993474721908569,3.93883204460144,3.3853185176849365,3.3853185176849365,3.493490934371948,3.493490934371948,3.439006328582764,0.9991157650947572,0.9999674558639526,5.634394645690918,5.0918288230896,29,0.9666666666666668,0,D,2029
1,30,0.2384243011474609,2.195761203765869,3.414327621459961,3.414327621459961,2.8718795776367188,1.851294994354248,1.851294994354248,2.914358377456665,2.914358377456665,2.4085917472839355,0.795200765132904,0.9999387264251708,5.37732458114624,5.214848518371582,9,0.3,0,D,2030
2,60,0.2817792892456054,2.9529054164886475,3.443782329559326,3.443782329559326,3.365121364593506,2.475392818450928,2.475392818450928,2.9438018798828125,2.9438018798828125,2.8651440143585205,0.9573211073875428,0.9999611377716064,5.796000003814697,5.110610008239746,23,0.7666666666666667,0,D,2030
3,90,0.3268766403198242,3.338000059127808,3.565295457839966,3.565295457839966,3.5041489601135254,2.853821277618408,2.853821277618408,3.065315008163452,3.065315008163452,3.004166603088379,0.9697921872138976,0.9999610185623168,5.581433296203613,4.972896575927734,28,0.9333333333333332,0,D,2030
4,120,0.3639774322509765,3.5043344497680664,3.6346163749694815,3.6346163749694815,3.5743560791015625,3.0043509006500244,3.0043509006500244,3.134629726409912,3.134629726409912,3.074371576309204,0.999967396259308,0.9999730587005616,5.110907077789307,4.90461015701294,30,1.0,0,D,2030
5,150,0.4071524143218994,3.5521080493927,3.6346163749694815,3.6346163749694815,3.612429857254028,3.052123785018921,3.052123785018921,3.134629726409912,3.134629726409912,3.112443685531616,0.999968409538269,0.9999730587005616,5.020297050476074,4.90461015701294,30,1.0,1,D,2030
6,180,0.444948673248291,3.60405945777893,3.6860084533691406,3.6860084533691406,3.648127317428589,3.104074001312256,3.104074001312256,3.186021327972412,3.186021327972412,3.148141384124756,0.9999704957008362,0.999974250793457,4.994935989379883,5.020916938781738,30,1.0,0,D,2030
7,210,0.4917566776275635,3.64154577255249,3.6994876861572266,3.6994876861572266,3.678170680999756,3.1415603160858154,3.1415603160858154,3.199502468109131,3.199502468109131,3.178184032440185,0.9999714493751526,0.999970316886902,5.01712703704834,5.042892456054688,30,1.0,0,D,2030
8,240,0.5357420444488525,3.65923523902893,3.727734088897705,3.727734088897705,3.699928998947144,3.1592493057250977,3.1592493057250977,3.227746725082397,3.227746725082397,3.1999430656433105,0.99997079372406,0.9999747276306152,5.029331684112549,4.983822822570801,30,1.0,0,D,2030
9,270,0.5727729797363281,3.694284200668335,3.7380526065826416,3.7380526065826416,3.724095106124878,3.194299459457397,3.194299459457397,3.238068103790283,3.238068103790283,3.2241103649139404,0.9999696016311646,0.9999690055847168,5.0564703941345215,5.095008850097656,30,1.0,0,D,2030
10,300,5.591211557388306,3.7275502681732178,3.870317935943604,3.870317935943604,3.767251253128052,3.2277615070343018,3.2277615070343018,3.371852397918701,3.371852397918701,3.267855167388916,0.9996172189712524,0.9969313144683838,5.202000617980957,7.025250911712647,29,0.9666666666666668,0,D,2030
11,330,5.634418725967407,3.763838529586792,3.8731725215911865,3.8731725215911865,3.821434736251831,3.264845132827759,3.264845132827759,3.374253988265991,3.374253988265991,3.324423551559448,0.99807471036911,0.9978368878364564,5.549226760864258,7.089515686035156,28,0.9333333333333332,0,D,2030
12,360,5.672481060028076,3.815196037292481,3.917846918106079,3.917846918106079,3.869369983673096,3.3178367614746094,3.3178367614746094,3.4183871746063232,3.4183871746063232,3.3716931343078613,0.995031714439392,0.9989193677902222,6.29758882522583,7.116814613342285,27,0.9,0,D,2030
