generation,evaluations,elapsed_time_sec,mean_score,best_score,best_score_so_far,top10_mean_score,mean_pred_logsw,mean_pred_logsw_clipped,best_pred_logsw,best_pred_logsw_so_far,top10_mean_pred_logsw,mean_p_sweet,best_p_sweet,mean_d_ood,best_d_ood,mean_docking_score,best_docking_score,mean_gated_base_score,best_gated_base_score,success_count,success_rate,no_improve,method,seed
1,30,0.2763423919677734,7.623751640319824,9.299211502075195,9.299211502075195,8.884777069091797,1.884840488433838,1.884840488433838,1.840245604515076,1.840245604515076,2.0396695137023926,0.8013492226600647,0.9980766773223876,5.248062610626221,5.902712821960449,7.623751640319824,9.299211502075195,2.159276247024536,2.339283943176269,0,0.0,0,Docking predictor only,2026
2,60,0.337062120437622,8.839908599853516,9.431245803833008,9.431245803833008,9.311053276062012,2.0375189781188965,2.0375189781188965,2.536355972290039,2.536355972290039,2.145841360092163,0.8661466240882874,0.9997571110725404,5.732737064361572,5.914039134979248,8.839908599853516,9.431245803833008,2.392407178878784,3.0362346172332764,0,0.0,0,Docking predictor only,2026
3,90,0.3924987316131592,9.306695938110352,9.865792274475098,9.865792274475098,9.465232849121094,2.267158508300781,2.267158508300781,2.0750575065612797,2.536355972290039,2.25455093383789,0.9069983959197998,0.9999663829803468,6.256726741790772,5.312035083770752,9.306695938110352,9.865792274475098,2.677722215652466,2.575040817260742,0,0.0,0,Docking predictor only,2026
4,120,0.4616446495056152,9.473422050476074,9.970781326293944,9.970781326293944,9.690457344055176,2.2444381713867188,2.2444381713867188,2.2749099731445312,2.536355972290039,2.314542531967163,0.9131942391395568,0.999958038330078,6.015491008758545,5.296839237213135,9.473422050476074,9.970781326293944,2.651545286178589,2.7748889923095703,0,0.0,0,Docking predictor only,2026
5,150,0.5281295776367188,9.7196683883667,10.016521453857422,10.016521453857422,9.93803882598877,2.329942464828491,2.329942464828491,2.242201566696167,2.536355972290039,2.148323535919189,0.9974661469459534,0.9999630451202391,5.567088127136231,5.311355113983154,9.7196683883667,10.016521453857422,2.8286757469177246,2.742183208465576,0,0.0,0,Docking predictor only,2026
6,180,0.5988824367523193,9.913019180297852,10.123574256896973,10.123574256896973,10.045483589172363,2.1782734394073486,2.1782734394073486,1.9282848834991453,2.536355972290039,2.215707778930664,0.999734103679657,0.9999370574951172,5.376670837402344,5.371108055114746,9.913019180297852,10.123574256896973,2.678140163421631,2.428253412246704,0,0.0,0,Docking predictor only,2026
7,210,0.6643364429473877,10.02259922027588,10.230359077453612,10.230359077453612,10.129164695739746,2.212256908416748,2.212256908416748,2.2553927898406982,2.536355972290039,2.2321224212646484,0.9999399185180664,0.9999735355377196,5.377892017364502,5.343552589416504,10.02259922027588,10.230359077453612,2.712226629257202,2.755379676818848,0,0.0,0,Docking predictor only,2026
8,240,0.7314038276672363,10.1064453125,10.321578025817873,10.321578025817873,10.225263595581056,2.2118613719940186,2.2118613719940186,2.2989954948425293,2.536355972290039,2.176727771759033,0.99993896484375,0.9999748468399048,5.376554489135742,5.355353832244873,10.1064453125,10.321578025817873,2.7118308544158936,2.798982858657837,0,0.0,0,Docking predictor only,2026
9,270,0.7963409423828125,10.185226440429688,10.3395357131958,10.3395357131958,10.276009559631348,2.210814476013184,2.210814476013184,2.333556652069092,2.536355972290039,2.282432079315185,0.9999441504478456,0.9999754428863524,5.372684001922607,5.389953136444092,10.185226440429688,10.3395357131958,2.7107863426208496,2.8335442543029785,0,0.0,0,Docking predictor only,2026
10,300,0.8590576648712158,10.221325874328612,10.47482204437256,10.47482204437256,10.320467948913574,2.2526838779449463,2.2526838779449463,2.3649535179138184,2.536355972290039,2.2920284271240234,0.99995356798172,0.9999687671661376,5.361765861511231,5.431001663208008,10.221325874328612,10.47482204437256,2.752660036087036,2.8649377822875977,0,0.0,0,Docking predictor only,2026
11,330,0.920013427734375,10.297928810119627,10.47482204437256,10.47482204437256,10.38186264038086,2.296074628829956,2.296074628829956,2.3649535179138184,2.536355972290039,2.298022747039795,0.9999629855155944,0.9999687671661376,5.380851268768311,5.431001663208008,10.297928810119627,10.47482204437256,2.796056032180786,2.8649377822875977,0,0.0,1,Docking predictor only,2026
12,360,0.9863615036010742,10.374731063842772,10.608115196228027,10.608115196228027,10.483081817626951,2.2929012775421143,2.2929012775421143,2.398965358734131,2.536355972290039,2.344451904296875,0.9999685883522034,0.9999581575393676,5.384609699249268,5.579220771789551,10.374731063842772,10.608115196228027,2.7928857803344727,2.89894437789917,0,0.0,0,Docking predictor only,2026
1,30,0.2657763957977295,7.623751640319824,9.299211502075195,9.299211502075195,8.884777069091797,1.8848406076431277,1.8848406076431277,1.840245604515076,1.840245604515076,2.0396695137023926,0.8013491034507751,0.9980766773223876,5.248062133789063,5.902712821960449,7.623751640319824,9.299211502075195,2.159276247024536,2.339283943176269,0,0.0,0,Docking predictor only,2027
2,60,0.3305420875549316,8.80311107635498,9.360197067260742,9.360197067260742,9.276865005493164,2.0677802562713623,2.0677802562713623,2.4435818195343018,2.4435818195343018,2.190682172775269,0.931437611579895,0.9997952580451964,5.794740676879883,6.536881446838379,8.80311107635498,9.360197067260742,2.5064585208892822,2.943479537963867,0,0.0,0,Docking predictor only,2027
3,90,0.3895983695983886,9.32020378112793,9.785848617553713,9.785848617553713,9.479439735412598,2.234577178955078,2.234577178955078,2.5806381702423096,2.5806381702423096,2.3513875007629395,0.8005295395851135,0.5309260487556458,6.324846267700195,6.524044036865234,9.32020378112793,9.785848617553713,2.512557029724121,2.550842046737671,0,0.0,0,Docking predictor only,2027
4,120,0.448291540145874,9.48890781402588,9.790268898010254,9.790268898010254,9.67363739013672,2.400787115097046,2.400787115097046,2.534041166305542,2.5806381702423096,2.545058012008667,0.7098872065544128,0.576619565486908,6.359940528869629,6.501125335693359,9.48890781402588,9.790268898010254,2.582101583480835,2.5636465549468994,0,0.0,0,Docking predictor only,2027
5,150,0.5145013332366943,9.667141914367676,9.994041442871094,9.994041442871094,9.842950820922852,2.4872472286224365,2.4872472286224365,2.649794101715088,2.649794101715088,2.592073917388916,0.7202109098434448,0.8061730861663818,6.440378189086914,6.299986839294434,9.667141914367676,9.994041442871094,2.685304880142212,2.9778192043304443,0,0.0,0,Docking predictor only,2027
6,180,0.5808491706848145,9.821913719177246,10.030065536499023,10.030065536499023,9.922918319702148,2.5895543098449707,2.5895543098449707,2.6370692253112797,2.649794101715088,2.6213865280151367,0.6496676206588745,0.7210174798965454,6.3762078285217285,6.328114986419678,9.821913719177246,10.030065536499023,2.7114579677581787,2.8543918132781982,0,0.0,0,Docking predictor only,2027
7,210,0.6460385322570801,9.917173385620115,10.165045738220217,10.165045738220217,10.044413566589355,2.6032519340515137,2.6032519340515137,2.6442794799804688,2.649794101715088,2.6262831687927246,0.73139488697052,0.6283584237098694,6.378097534179688,6.286579132080078,9.917173385620115,10.165045738220217,2.830679178237915,2.741145372390747,0,0.0,0,Docking predictor only,2027
8,240,0.7061882019042969,10.018946647644045,10.263944625854492,10.263944625854492,10.136907577514648,2.627646446228028,2.627646446228028,2.5791752338409424,2.649794101715088,2.6330432891845703,0.72956782579422,0.9893800616264344,6.3593058586120605,6.455995082855225,10.018946647644045,10.263944625854492,2.849822759628296,3.0738651752471924,0,0.0,0,Docking predictor only,2027
9,270,0.7720682621002197,10.152019500732422,10.384746551513672,10.384746551513672,10.239910125732422,2.633474588394165,2.633474588394165,2.536200523376465,2.649794101715088,2.6128408908843994,0.7183095812797546,0.9929764866828918,6.351150035858154,6.523091793060303,10.152019500732422,10.384746551513672,2.837273359298706,3.032688856124878,0,0.0,0,Docking predictor only,2027
10,300,0.8285655975341797,10.227666854858398,10.488295555114746,10.488295555114746,10.324267387390137,2.628174304962158,2.628174304962158,2.694434404373169,2.694434404373169,2.61796236038208,0.7320782542228699,0.5335147380828857,6.367905139923096,6.335131645202637,10.227666854858398,10.488295555114746,2.843074321746826,2.668003559112549,0,0.0,0,Docking predictor only,2027
11,330,0.8948252201080322,10.321412086486816,10.488295555114746,10.488295555114746,10.41938591003418,2.631317138671875,2.631317138671875,2.694434404373169,2.694434404373169,2.6319494247436523,0.6880980134010315,0.5335147380828857,6.388254642486572,6.335131645202637,10.321412086486816,10.488295555114746,2.7920522689819336,2.668003559112549,0,0.0,1,Docking predictor only,2027
12,360,0.9608557224273682,10.387595176696776,10.61294651031494,10.61294651031494,10.488846778869627,2.624502658843994,2.624502658843994,2.6153106689453125,2.694434404373169,2.6387720108032227,0.5972766280174255,0.7759285569190979,6.410481929779053,6.325698852539063,10.387595176696776,10.61294651031494,2.669647216796875,2.904017686843872,0,0.0,0,Docking predictor only,2027
1,30,0.2616934776306152,7.623751640319824,9.299211502075195,9.299211502075195,8.884777069091797,1.884840488433838,1.884840488433838,1.840245604515076,1.840245604515076,2.0396695137023926,0.8013492822647095,0.9980766773223876,5.248062610626221,5.902712821960449,7.623751640319824,9.299211502075195,2.1592764854431152,2.339283943176269,0,0.0,0,Docking predictor only,2028
2,60,0.3220448493957519,8.60412311553955,9.423998832702637,9.423998832702637,9.28826141357422,2.240297079086304,2.240297079086304,1.8274608850479128,1.840245604515076,2.2205841541290283,0.863524317741394,0.99796462059021,5.799993515014648,5.880233287811279,8.60412311553955,9.423998832702637,2.590388774871826,2.3264431953430176,0,0.0,0,Docking predictor only,2028
3,90,0.3774471282958984,9.13845443725586,9.472963333129885,9.472963333129885,9.386110305786133,2.289725542068481,2.289725542068481,1.968510985374451,1.968510985374451,2.147966861724853,0.8341479897499084,0.9980548620224,6.23115873336792,5.950421333312988,9.13845443725586,9.472963333129885,2.6091017723083496,2.467538356781006,0,0.0,0,Docking predictor only,2028
4,120,0.4437088966369629,9.488393783569336,10.028629302978516,10.028629302978516,9.696218490600586,2.172194719314575,2.172194719314575,2.359458446502685,2.359458446502685,2.2631871700286865,0.9293583631515504,0.9970644116401672,6.190933704376221,5.820064067840576,9.488393783569336,10.028629302978516,2.5996410846710205,2.8579907417297363,0,0.0,0,Docking predictor only,2028
5,150,0.5088701248168945,9.636855125427246,10.037897109985352,10.037897109985352,9.842666625976562,2.2994015216827397,2.2994015216827397,2.346238374710083,2.359458446502685,2.353792905807495,0.9629840850830078,0.9972660541534424,6.107598781585693,5.859838485717773,9.636855125427246,10.037897109985352,2.77209210395813,2.8448715209960938,0,0.0,0,Docking predictor only,2028
6,180,0.5721437931060791,9.826383590698242,10.260290145874023,10.260290145874023,10.054964065551758,2.4017980098724365,2.4017980098724365,2.32309627532959,2.359458446502685,2.373699426651001,0.968529462814331,0.9864411950111388,6.018160820007324,5.9526872634887695,9.826383590698242,10.260290145874023,2.8794960975646973,2.816316843032837,0,0.0,0,Docking predictor only,2028
7,210,0.637035608291626,10.059039115905762,10.463459968566896,10.463459968566896,10.242149353027344,2.3792731761932373,2.3792731761932373,2.365173816680908,2.365173816680908,2.355881690979004,0.9868307709693908,0.9855798482894896,5.957701683044434,5.886263370513916,10.059039115905762,10.463459968566896,2.872229814529419,2.857963800430298,0,0.0,0,Docking predictor only,2028
8,240,0.6903934478759766,10.218466758728027,10.463459968566896,10.463459968566896,10.372501373291016,2.319194793701172,2.319194793701172,2.365173816680908,2.365173816680908,2.3380844593048096,0.9922202229499816,0.9855798482894896,5.865408420562744,5.886263370513916,10.218466758728027,10.463459968566896,2.8153042793273926,2.857963800430298,0,0.0,1,Docking predictor only,2028
9,270,0.7531914710998535,10.350316047668455,10.580687522888184,10.580687522888184,10.462526321411133,2.333810329437256,2.333810329437256,2.3247852325439453,2.365173816680908,2.354421615600586,0.9924702048301696,0.9961121678352356,5.864789962768555,5.664814472198486,10.350316047668455,10.580687522888184,2.830045223236084,2.8228414058685303,0,0.0,0,Docking predictor only,2028
10,300,0.8115122318267822,10.437996864318848,10.688923835754396,10.688923835754396,10.55821418762207,2.32043194770813,2.32043194770813,2.27421236038208,2.365173816680908,2.326287269592285,0.993519127368927,0.995872676372528,5.802939414978027,5.6736273765563965,10.437996864318848,10.688923835754396,2.8171916007995605,2.772148609161377,0,0.0,0,Docking predictor only,2028
11,330,0.8664283752441406,10.521928787231444,10.70254611968994,10.70254611968994,10.655963897705078,2.3222548961639404,2.3222548961639404,2.3008060455322266,2.365173816680908,2.314329147338867,0.9934966564178468,0.9964879751205444,5.745871543884277,5.682060718536377,10.521928787231444,10.70254611968994,2.8190035820007324,2.799050092697144,0,0.0,0,Docking predictor only,2028
12,360,0.9315354824066162,10.64634609222412,10.810508728027344,10.810508728027344,10.74979019165039,2.308905124664306,2.308905124664306,2.264756441116333,2.365173816680908,2.3023924827575684,0.994696855545044,0.9927160143852234,5.693769931793213,5.710615158081055,10.64634609222412,10.810508728027344,2.8062539100646973,2.761114358901977,0,0.0,0,Docking predictor only,2028
1,30,0.2554366588592529,7.623751163482666,9.299211502075195,9.299211502075195,8.884777069091797,1.884840488433838,1.884840488433838,1.840245604515076,1.840245604515076,2.0396695137023926,0.8013492226600647,0.9980766773223876,5.248062133789063,5.902712821960449,7.623751163482666,9.299211502075195,2.159276247024536,2.339283943176269,0,0.0,0,Docking predictor only,2029
2,60,0.3198626041412353,8.620251655578613,9.38070011138916,9.38070011138916,9.303226470947266,2.0945241451263428,2.0945241451263428,2.479970216751098,2.479970216751098,2.2234835624694824,0.8939383029937744,0.9997615218162536,5.677969932556152,6.474337577819824,8.620251655578613,9.38070011138916,2.477080821990967,2.979851007461548,0,0.0,0,Docking predictor only,2029
3,90,0.3792917728424072,9.152121543884276,9.73552131652832,9.73552131652832,9.480483055114746,2.1855504512786865,2.1855504512786865,2.6276497840881348,2.6276497840881348,2.3977417945861816,0.8206102252006531,0.8319910764694214,6.386748790740967,5.959678649902344,9.152121543884276,9.73552131652832,2.485440969467163,2.9892382621765137,0,0.0,0,Docking predictor only,2029
4,120,0.4449565410614013,9.395440101623535,9.831619262695312,9.831619262695312,9.636802673339844,2.3884694576263428,2.3884694576263428,2.6409828662872314,2.6409828662872314,2.3953330516815186,0.7628353238105774,0.8472222685813904,6.598729133605957,5.99716854095459,9.395440101623535,9.831619262695312,2.622775793075561,3.022371768951416,0,0.0,0,Docking predictor only,2029
5,150,0.5068631172180176,9.62380599975586,10.085372924804688,10.085372924804688,9.825958251953123,2.3962278366088867,2.3962278366088867,2.6454274654388428,2.6454274654388428,2.5033531188964844,0.842194676399231,0.9838233590126038,6.262746334075928,5.618988990783691,9.62380599975586,10.085372924804688,2.723886251449585,3.1373391151428223,0,0.0,0,Docking predictor only,2029
6,180,0.562373161315918,9.812386512756348,10.107778549194336,10.107778549194336,9.997028350830078,2.460883617401123,2.460883617401123,2.3339431285858154,2.6454274654388428,2.480092287063598,0.8902740478515625,0.9980936646461488,5.972455024719238,5.400125503540039,9.812386512756348,10.107778549194336,2.858293056488037,2.8329899311065674,0,0.0,0,Docking predictor only,2029
7,210,0.6272013187408447,9.990517616271973,10.23324489593506,10.23324489593506,10.128244400024414,2.4897749423980717,2.4897749423980717,2.668113946914673,2.668113946914673,2.5562169551849365,0.9502645134925842,0.8300046324729919,5.737733364105225,6.01662540435791,9.990517616271973,10.23324489593506,2.9484751224517822,3.0271201133728027,0,0.0,0,Docking predictor only,2029
8,240,0.6908018589019775,10.119691848754885,10.40963649749756,10.40963649749756,10.235857009887695,2.5634357929229736,2.5634357929229736,2.672504425048828,2.672504425048828,2.6428163051605225,0.9534716010093688,0.9928231239318848,5.717482566833496,5.658094882965088,10.119691848754885,10.40963649749756,3.028942584991455,3.1689159870147705,0,0.0,0,Docking predictor only,2029
9,270,0.7603466510772705,10.245884895324709,10.514490127563477,10.514490127563477,10.37062931060791,2.6318016052246094,2.6318016052246094,2.623551607131958,2.672504425048828,2.6606502532958984,0.9140790700912476,0.9929492473602296,5.842928409576416,5.654666900634766,10.245884895324709,10.514490127563477,3.0605063438415527,3.120026111602783,0,0.0,0,Docking predictor only,2029
10,300,0.8273193836212158,10.331337928771973,10.582908630371094,10.582908630371094,10.44726276397705,2.650832176208496,2.650832176208496,2.561396837234497,2.672504425048828,2.6459193229675293,0.947488009929657,0.9962528944015504,5.822227954864502,5.677696228027344,10.331337928771973,10.582908630371094,3.1131491661071777,3.059523344039917,0,0.0,0,Docking predictor only,2029
11,330,0.8926002979278564,10.420927047729492,10.595067977905272,10.595067977905272,10.523576736450195,2.6470818519592285,2.6470818519592285,2.573559284210205,2.672504425048828,2.623053789138794,0.9769780039787292,0.9970537424087524,5.782127857208252,5.739387035369873,10.420927047729492,10.595067977905272,3.132824420928955,3.0720860958099365,0,0.0,0,Docking predictor only,2029
12,360,0.953261137008667,10.512070655822754,10.771235466003418,10.771235466003418,10.622135162353516,2.6206672191619877,2.6206672191619877,2.564720869064331,2.672504425048828,2.584258794784546,0.9905720949172974,0.9929022192955016,5.756158828735352,5.6289472579956055,10.512070655822754,10.771235466003418,3.115952968597412,3.0611720085144043,0,0.0,0,Docking predictor only,2029
1,30,0.2719988822937011,7.623751640319824,9.299211502075195,9.299211502075195,8.884777069091797,1.884840488433838,1.884840488433838,1.840245604515076,1.840245604515076,2.0396695137023926,0.8013490438461304,0.9980766773223876,5.248063087463379,5.902712821960449,7.623751640319824,9.299211502075195,2.159276247024536,2.339283943176269,0,0.0,0,Docking predictor only,2030
2,60,0.3377926349639892,8.77462100982666,9.436659812927246,9.436659812927246,9.344499588012695,2.1765594482421875,2.1765594482421875,2.573981761932373,2.573981761932373,2.146083354949951,0.8975698351860046,0.999832272529602,5.745361804962158,5.651781558990479,8.77462100982666,9.436659812927246,2.5685858726501465,3.0738978385925293,0,0.0,0,Docking predictor only,2030
3,90,0.4052035808563232,9.301459312438965,9.765052795410156,9.765052795410156,9.501646995544434,2.1671621799468994,2.1671621799468994,2.515260696411133,2.573981761932373,2.324289321899414,0.9599661231040956,0.9999430179595948,5.882057189941406,5.506044864654541,9.301459312438965,9.765052795410156,2.6275453567504883,3.0152320861816406,0,0.0,0,Docking predictor only,2030
4,120,0.4666376113891601,9.52552604675293,9.7993803024292,9.7993803024292,9.69789695739746,2.2805323600769043,2.2805323600769043,2.248618602752685,2.573981761932373,2.391559362411499,0.9994460344314576,0.9998069405555724,5.64796781539917,5.4209489822387695,9.52552604675293,9.7993803024292,2.78025484085083,2.7485220432281494,0,0.0,0,Docking predictor only,2030
5,150,0.5293395519256592,9.679364204406738,9.805805206298828,9.805805206298828,9.784675598144531,2.363638639450073,2.363638639450073,2.398159503936768,2.573981761932373,2.4106507301330566,0.9997844099998474,0.9999593496322632,5.530996322631836,5.349262714385986,9.679364204406738,9.805805206298828,2.86353087425232,2.898139238357544,0,0.0,0,Docking predictor only,2030
6,180,0.5993552207946777,9.77414894104004,9.955795288085938,9.955795288085938,9.859152793884276,2.3827145099639893,2.3827145099639893,2.336132764816284,2.573981761932373,2.421112537384033,0.9998890161514282,0.999832034111023,5.499814987182617,5.53673267364502,9.77414894104004,9.955795288085938,2.882659435272217,2.8360488414764404,0,0.0,0,Docking predictor only,2030
7,210,0.6618342399597168,9.867188453674316,10.059463500976562,10.059463500976562,9.966146469116213,2.4119505882263184,2.4119505882263184,2.6135659217834477,2.6135659217834477,2.440347671508789,0.9998635649681092,0.9999077320098876,5.515733242034912,5.509439468383789,9.867188453674316,10.059463500976562,2.911882162094116,3.1135196685791016,0,0.0,0,Docking predictor only,2030
8,240,0.7201719284057617,9.954516410827637,10.148059844970703,10.148059844970703,10.068861961364746,2.4355876445770264,2.4355876445770264,2.3429226875305176,2.6135659217834477,2.4250659942626958,0.999882996082306,0.9998181462287904,5.549386501312256,5.528658866882324,9.954516410827637,10.148059844970703,2.9355289936065674,2.84283185005188,0,0.0,0,Docking predictor only,2030
9,270,0.7861266136169434,10.045062065124512,10.199177742004396,10.199177742004396,10.122852325439451,2.4286468029022217,2.4286468029022217,2.552298784255981,2.6135659217834477,2.420985698699951,0.999855935573578,0.9999381303787231,5.535800457000732,5.6399335861206055,10.045062065124512,10.199177742004396,2.928574562072754,3.0522677898406982,0,0.0,0,Docking predictor only,2030
10,300,0.852999210357666,10.11925983428955,10.313151359558104,10.313151359558104,10.214292526245115,2.4171743392944336,2.4171743392944336,2.398669958114624,2.6135659217834477,2.457838535308838,0.9998457431793212,0.999832034111023,5.583034992218018,5.584503173828125,10.11925983428955,10.313151359558104,2.917097330093384,2.8985860347747803,0,0.0,0,Docking predictor only,2030
11,330,0.9230611324310304,10.154817581176758,10.324689865112305,10.324689865112305,10.257941246032717,2.480060577392578,2.480060577392578,2.541821956634521,2.6135659217834477,2.5146231651306152,0.9999001622200012,0.9999518394470216,5.634983539581299,5.758130073547363,10.154817581176758,10.324689865112305,2.980010509490967,3.041797876358032,0,0.0,0,Docking predictor only,2030
12,360,0.9894394874572754,10.244762420654297,10.38185691833496,10.38185691833496,10.329309463500977,2.489957094192505,2.489957094192505,2.506251335144043,2.6135659217834477,2.5233161449432373,0.9998998045921326,0.9999234676361084,5.650211811065674,5.7126970291137695,10.244762420654297,10.38185691833496,2.9899070262908936,3.0062131881713867,0,0.0,0,Docking predictor only,2030
1,30,0.2880792617797851,7.898187637329102,9.798250198364258,9.798250198364258,9.305959701538086,1.884840488433838,1.884840488433838,1.840245604515076,1.840245604515076,2.1956381797790527,0.8013492226600647,0.9980766773223876,5.248062610626221,5.902712821960449,7.623751640319824,9.299211502075195,2.159276247024536,2.339283943176269,0,0.0,0,Gate + docking predictor,2026
2,60,0.3562462329864502,9.243041038513184,9.931124687194824,9.931124687194824,9.794919967651367,2.1305384635925293,2.1305384635925293,2.536355972290039,2.536355972290039,2.156294584274292,0.924606442451477,0.9997571110725404,5.684423923492432,5.914039134979248,8.8169584274292,9.431245803833008,2.5566203594207764,3.0362346172332764,0,0.0,0,Gate + docking predictor,2026
3,90,0.4196839332580566,9.72375774383545,10.365775108337402,10.365775108337402,9.98483943939209,2.2737462520599365,2.2737462520599365,2.0750575065612797,2.536355972290039,2.2237367630004883,0.9348326921463012,0.9999663829803468,6.030699253082275,5.312035083770752,9.284422874450684,9.865792274475098,2.7130818367004395,2.575040817260742,0,0.0,0,Gate + docking predictor,2026
4,120,0.4815495014190674,9.963199615478516,10.53825569152832,10.53825569152832,10.288451194763184,2.2573649883270264,2.2573649883270264,2.286914348602295,2.536355972290039,2.2781078815460205,0.97238427400589,0.999963879585266,5.918591022491455,5.579525947570801,9.489359855651855,10.038273811340332,2.7312042713165283,2.786896228790283,0,0.0,0,Gate + docking predictor,2026
5,150,0.5404293537139893,10.306461334228516,10.606162071228027,10.606162071228027,10.502351760864258,2.275643348693848,2.275643348693848,2.330199718475342,2.536355972290039,2.337364912033081,0.9988556504249572,0.9999562501907348,5.615616798400879,5.618277549743652,9.80703353881836,10.106184005737305,2.775071144104004,2.8301777839660645,0,0.0,0,Gate + docking predictor,2026
6,180,0.6073298454284668,10.492708206176758,10.742682456970217,10.742682456970217,10.61845874786377,2.33047103881836,2.33047103881836,2.407646656036377,2.536355972290039,2.327393054962158,0.999951720237732,0.9999547004699708,5.64354944229126,5.640944957733154,9.992731094360352,10.242705345153809,2.830447196960449,2.9076240062713623,0,0.0,0,Gate + docking predictor,2026
7,210,0.6726667881011963,10.596975326538086,10.923724174499512,10.923724174499512,10.721424102783203,2.3148961067199707,2.3148961067199707,2.380488872528076,2.536355972290039,2.315549612045288,0.9999420046806335,0.999970316886902,5.616759777069092,5.6146745681762695,10.097004890441896,10.423739433288574,2.8148672580718994,2.880474090576172,0,0.0,0,Gate + docking predictor,2026
8,240,0.7358605861663818,10.699535369873049,11.002517700195312,11.002517700195312,10.845291137695312,2.3129031658172607,2.3129031658172607,2.423705577850342,2.536355972290039,2.377570629119873,0.9999447464942932,0.9999691247940063,5.592745304107666,5.632679462432861,10.199563026428224,10.502532958984377,2.812875270843506,2.9236900806427,0,0.0,0,Gate + docking predictor,2026
9,270,0.801077127456665,10.801215171813965,11.005216598510742,11.005216598510742,10.943317413330078,2.3307528495788574,2.3307528495788574,2.428565263748169,2.536355972290039,2.401214838027954,0.9999458193778992,0.9999696016311646,5.615201473236084,5.687271118164063,10.30124282836914,10.505231857299805,2.830725908279419,2.9285500049591064,0,0.0,0,Gate + docking predictor,2026
10,300,0.8645422458648682,10.885971069335938,11.120938301086426,11.120938301086426,10.993179321289062,2.364553689956665,2.364553689956665,2.435620784759521,2.536355972290039,2.403865337371826,0.9999625086784364,0.9999558925628662,5.621914863586426,5.730820655822754,10.38598918914795,10.620960235595703,2.864535093307495,2.935598850250244,0,0.0,0,Gate + docking predictor,2026
11,330,0.9313945770263672,10.971081733703612,11.120938301086426,11.120938301086426,11.051819801330566,2.413031816482544,2.413031816482544,2.435620784759521,2.536355972290039,2.40480637550354,0.999966025352478,0.9999558925628662,5.663299560546875,5.730820655822754,10.471097946166992,10.620960235595703,2.913014888763428,2.935598850250244,0,0.0,1,Gate + docking predictor,2026
12,360,0.9963958263397216,11.041742324829102,11.207962036132812,11.207962036132812,11.124873161315918,2.416355848312378,2.416355848312378,2.460103273391724,2.536355972290039,2.4376087188720703,0.9999655485153198,0.9999513626098632,5.670987606048584,5.906521797180176,10.541760444641112,10.70798683166504,2.9163384437561035,2.9600789546966557,0,0.0,0,Gate + docking predictor,2026
1,30,0.2648346424102783,7.898187637329102,9.798250198364258,9.798250198364258,9.305959701538086,1.8848406076431277,1.8848406076431277,1.840245604515076,1.840245604515076,2.1956381797790527,0.8013491034507751,0.9980766773223876,5.248062133789063,5.902712821960449,7.623751640319824,9.299211502075195,2.159276247024536,2.339283943176269,0,0.0,0,Gate + docking predictor,2027
2,60,0.3276846408843994,9.245196342468262,9.860095024108888,9.860095024108888,9.711697578430176,2.0633208751678467,2.0633208751678467,2.4435818195343018,2.4435818195343018,2.217080593109131,0.938204824924469,0.9997952580451964,5.75607967376709,6.536881446838379,8.797196388244629,9.360197067260742,2.5113213062286377,2.943479537963867,0,0.0,0,Gate + docking predictor,2027
3,90,0.3863773345947265,9.76791000366211,10.19790267944336,10.19790267944336,9.94207763671875,2.2150967121124268,2.2150967121124268,2.054906845092773,2.4435818195343018,2.203387975692749,0.962311029434204,0.9909231066703796,6.079986572265625,5.302546501159668,9.2948579788208,9.702441215515137,2.688148021697998,2.550368309020996,0,0.0,0,Gate + docking predictor,2027
4,120,0.4449455738067627,9.958880424499512,10.397743225097656,10.397743225097656,10.20335578918457,2.280659914016724,2.280659914016724,1.9504352807998655,2.4435818195343018,2.4576003551483154,0.9775349497795104,0.974131405353546,5.886627674102783,5.288743019104004,9.475848197937012,9.910677909851074,2.76369047164917,2.4375009536743164,0,0.0,0,Gate + docking predictor,2027
5,150,0.5102839469909668,10.139789581298828,10.397743225097656,10.397743225097656,10.316765785217283,2.393766164779663,2.393766164779663,1.9504352807998655,2.4435818195343018,2.4481310844421387,0.991849958896637,0.974131405353546,5.69307804107666,5.288743019104004,9.643863677978516,9.910677909851074,2.8896913528442383,2.4375009536743164,0,0.0,1,Gate + docking predictor,2027
6,180,0.5739357471466064,10.310738563537598,10.6404390335083,10.6404390335083,10.45473575592041,2.4506843090057373,2.4506843090057373,2.738384485244751,2.738384485244751,2.4914135932922363,0.9949070811271667,0.9997156262397766,5.532096862792969,5.342751979827881,9.81328296661377,10.140581130981444,2.9481375217437744,3.2382423877716064,0,0.0,0,Gate + docking predictor,2027
7,210,0.6408016681671143,10.44429874420166,10.652289390563965,10.652289390563965,10.56877326965332,2.40492582321167,2.40492582321167,2.7180540561676025,2.738384485244751,2.5505166053771973,0.9920527338981628,0.9997404217720032,5.459597110748291,5.654565811157227,9.948270797729492,10.152419090270996,2.9009523391723637,3.2179243564605717,0,0.0,0,Gate + docking predictor,2027
8,240,0.7065198421478271,10.569486618041992,10.902630805969238,10.902630805969238,10.718046188354492,2.5306661128997803,2.5306661128997803,2.570405960083008,2.738384485244751,2.6687939167022705,0.9962836503982544,0.9998472929000854,5.448259353637695,5.322682857513428,10.071345329284668,10.40270709991455,3.028808116912842,3.0703296661376958,2,0.0666666666666666,0,Gate + docking predictor,2027
9,270,0.76888108253479,10.751534461975098,11.04786777496338,11.04786777496338,10.866023063659668,2.6588590145111084,2.6588590145111084,2.550299882888794,2.738384485244751,2.69638729095459,0.9988875985145568,0.99989914894104,5.515888690948486,5.370304584503174,10.252090454101562,10.547918319702148,3.1583027839660645,3.0502495765686035,3,0.1,0,Gate + docking predictor,2027
10,300,0.8299896717071533,10.83704948425293,11.125438690185549,11.125438690185549,10.95274257659912,2.692746877670288,2.692746877670288,2.807446002960205,2.807446002960205,2.6550066471099854,0.9993430376052856,0.9997089505195618,5.564051151275635,5.697862148284912,10.33737564086914,10.625584602355955,3.1924188137054443,3.307300567626953,8,0.2666666666666666,0,Gate + docking predictor,2027
11,330,0.8932154178619385,10.932096481323242,11.125438690185549,11.125438690185549,11.041051864624023,2.6520607471466064,2.6520607471466064,2.807446002960205,2.807446002960205,2.724031686782837,0.9993401765823364,0.9997089505195618,5.511040687561035,5.697862148284912,10.432427406311035,10.625584602355955,3.151731014251709,3.307300567626953,7,0.2333333333333333,1,Gate + docking predictor,2027
12,360,0.9532055854797364,10.986525535583496,11.192914009094238,11.192914009094238,11.105606079101562,2.6887006759643555,2.6887006759643555,2.7021143436431885,2.807446002960205,2.736210823059082,0.9994969964027404,0.9998075366020204,5.531381130218506,5.703473567962647,10.486777305603027,10.693010330200195,3.1884491443634038,3.2020180225372314,11,0.3666666666666666,0,Gate + docking predictor,2027
1,30,0.2549929618835449,7.89818811416626,9.798250198364258,9.798250198364258,9.305959701538086,1.884840488433838,1.884840488433838,1.840245604515076,1.840245604515076,2.1956381797790527,0.8013492822647095,0.9980766773223876,5.248062610626221,5.902712821960449,7.623751640319824,9.299211502075195,2.1592764854431152,2.339283943176269,0,0.0,0,Gate + docking predictor,2028
2,60,0.3202507495880127,8.966012954711914,9.922981262207031,9.922981262207031,9.60804557800293,2.2454605102539062,2.2454605102539062,1.8274608850479128,1.840245604515076,2.0827789306640625,0.8869456648826599,0.99796462059021,5.731026649475098,5.880233287811279,8.58527946472168,9.423998832702637,2.6261940002441406,2.3264431953430176,0,0.0,0,Gate + docking predictor,2028
3,90,0.381500244140625,9.51445198059082,9.971990585327148,9.971990585327148,9.85816764831543,2.1960155963897705,2.1960155963897705,1.968510985374451,1.968510985374451,2.097944021224976,0.9162049889564514,0.9980548620224,5.978883266448975,5.950421333312988,9.099488258361816,9.472963333129885,2.610980749130249,2.467538356781006,0,0.0,0,Gate + docking predictor,2028
4,120,0.4401686191558838,9.94599723815918,10.678658485412598,10.678658485412598,10.200182914733888,2.152022361755371,2.152022361755371,2.434022665023804,2.434022665023804,2.194031000137329,0.986356556415558,0.9999560117721558,6.048062801361084,5.764151096343994,9.460031509399414,10.178680419921877,2.6379876136779785,2.9340007305145264,0,0.0,0,Gate + docking predictor,2028
5,150,0.5026719570159912,10.20729160308838,10.728878021240234,10.728878021240234,10.451870918273926,2.238795042037964,2.238795042037964,2.4275107383728027,2.434022665023804,2.4069414138793945,0.9982624053955078,0.9999743700027466,5.851953506469727,5.705595016479492,9.708160400390623,10.228890419006348,2.7379260063171387,2.9274978637695312,0,0.0,0,Gate + docking predictor,2028
6,180,0.5600450038909912,10.433323860168455,10.91490077972412,10.91490077972412,10.639848709106444,2.393890142440796,2.393890142440796,2.424706220626831,2.434022665023804,2.416702508926392,0.9977352619171144,0.9999657869338988,5.794302463531494,5.889715671539307,9.934457778930664,10.414917945861816,2.8927576541900635,2.924689054489136,0,0.0,0,Gate + docking predictor,2028
7,210,0.6236143112182617,10.649958610534668,11.055581092834473,11.055581092834473,10.859537124633787,2.395083427429199,2.395083427429199,2.459035396575928,2.459035396575928,2.4272751808166504,0.9987713098526,0.9999626874923706,5.78237771987915,5.84519624710083,10.150571823120115,10.5556001663208,2.8944690227508545,2.959016799926758,0,0.0,0,Gate + docking predictor,2028
8,240,0.6908102035522461,10.825557708740234,11.055581092834473,11.055581092834473,10.965662002563477,2.4170684814453125,2.4170684814453125,2.459035396575928,2.459035396575928,2.421428918838501,0.9999669790267944,0.9999626874923706,5.85242223739624,5.84519624710083,10.32557487487793,10.5556001663208,2.9170517921447754,2.959016799926758,0,0.0,1,Gate + docking predictor,2028
9,270,0.7498033046722412,10.947443962097168,11.099955558776855,11.099955558776855,11.031434059143066,2.425751209259033,2.425751209259033,2.5464510917663574,2.5464510917663574,2.4464259147644043,0.9999648928642272,0.9999617338180542,5.878846168518066,5.89652156829834,10.447460174560549,10.599974632263184,2.925734281539917,3.0464320182800293,0,0.0,0,Gate + docking predictor,2028
10,300,0.810370922088623,11.008008003234863,11.137526512145996,11.137526512145996,11.086830139160156,2.4439988136291504,2.4439988136291504,2.3013062477111816,2.5464510917663574,2.452911138534546,0.999962031841278,0.9999709129333496,5.88825273513794,5.811695575714111,10.50802516937256,10.637540817260742,2.9439797401428223,2.8012917041778564,0,0.0,0,Gate + docking predictor,2028
11,330,0.8768126964569092,11.064412117004396,11.154691696166992,11.154691696166992,11.127925872802734,2.43566632270813,2.43566632270813,2.60490083694458,2.60490083694458,2.4328317642211914,0.9999614357948304,0.999941349029541,5.856488227844238,5.992481708526611,10.56443214416504,10.6547212600708,2.9356465339660645,3.1048715114593506,0,0.0,0,Gate + docking predictor,2028
12,360,0.9351823329925536,11.117440223693848,11.265365600585938,11.265365600585938,11.195012092590332,2.4191393852233887,2.4191393852233887,2.2992873191833496,2.60490083694458,2.4755587577819824,0.99996417760849,0.999958038330078,5.886109352111816,5.807352066040039,10.617459297180176,10.765386581420898,2.919121026992798,2.7992663383483887,0,0.0,0,Gate + docking predictor,2028
1,30,0.2800812721252441,7.898187637329102,9.798250198364258,9.798250198364258,9.305959701538086,1.884840488433838,1.884840488433838,1.840245604515076,1.840245604515076,2.1956381797790527,0.8013492226600647,0.9980766773223876,5.248062133789063,5.902712821960449,7.623751163482666,9.299211502075195,2.159276247024536,2.339283943176269,0,0.0,0,Gate + docking predictor,2029
2,60,0.3484530448913574,9.006216049194336,9.88058090209961,9.88058090209961,9.681692123413086,2.090064764022827,2.090064764022827,2.479970216751098,2.479970216751098,2.201991558074951,0.9007055163383484,0.9997615218162536,5.639309406280518,6.474337577819824,8.614336013793945,9.38070011138916,2.4819436073303223,2.979851007461548,0,0.0,0,Gate + docking predictor,2029
3,90,0.4143636226654053,9.403759956359863,9.886870384216309,9.886870384216309,9.803617477416992,2.051564693450928,2.051564693450928,1.8183828592300413,2.479970216751098,2.1250905990600586,0.8765962719917297,0.9984877109527588,6.163788795471191,5.973806381225586,9.040793418884276,9.38762664794922,2.414531707763672,2.317626714706421,0,0.0,0,Gate + docking predictor,2029
4,120,0.4811666011810303,9.779022216796877,10.222000122070312,10.222000122070312,9.985529899597168,2.1848807334899902,2.1848807334899902,2.4351301193237305,2.479970216751098,2.074662923812866,0.9574166536331176,0.9999629259109496,6.158163070678711,6.120026588439941,9.318171501159668,9.722018241882324,2.6457321643829346,2.9351115226745605,0,0.0,0,Gate + docking predictor,2029
5,150,0.5503246784210205,10.047558784484863,10.44577980041504,10.44577980041504,10.25434684753418,2.1754519939422607,2.1754519939422607,2.3077609539031982,2.479970216751098,2.2166085243225098,0.9971043467521667,0.9726019501686096,5.881694316864014,5.419739723205566,9.549004554748535,9.959478378295898,2.674004077911377,2.7940618991851807,0,0.0,0,Gate + docking predictor,2029
6,180,0.6160595417022705,10.235899925231934,10.44577980041504,10.44577980041504,10.340394973754885,2.224501132965088,2.224501132965088,2.3077609539031982,2.479970216751098,2.2293410301208496,0.9961532354354858,0.9726019501686096,5.783819198608398,5.419739723205566,9.737822532653809,9.959478378295898,2.7225770950317383,2.7940618991851807,0,0.0,1,Gate + docking predictor,2029
7,210,0.67539381980896,10.379775047302246,10.70124626159668,10.70124626159668,10.518796920776367,2.2887420654296875,2.2887420654296875,2.36829161643982,2.479970216751098,2.325622081756592,0.9930465817451476,0.9999552965164183,5.696280956268311,5.638739109039307,9.88325309753418,10.201268196105955,2.785265684127808,2.868269205093384,0,0.0,0,Gate + docking predictor,2029
8,240,0.7376112937927246,10.526968955993652,10.727144241333008,10.727144241333008,10.657198905944824,2.3241970539093018,2.3241970539093018,2.3026089668273926,2.479970216751098,2.311265230178833,0.9952141046524048,0.9999462366104126,5.625253677368164,5.602181434631348,10.029362678527832,10.227170944213867,2.82180404663086,2.802582025527954,0,0.0,0,Gate + docking predictor,2029
9,270,0.7995331287384033,10.640775680541992,10.921463966369627,10.921463966369627,10.74610424041748,2.324048519134521,2.324048519134521,2.379449844360352,2.479970216751098,2.339090585708618,0.9976912140846252,0.9999312162399292,5.5968828201293945,5.680374622344971,10.14193058013916,10.42149829864502,2.822894334793091,2.879415512084961,0,0.0,0,Gate + docking predictor,2029
10,300,0.8590362071990967,10.706222534179688,10.93492317199707,10.93492317199707,10.82560920715332,2.3361411094665527,2.3361411094665527,2.418763399124145,2.479970216751098,2.337553739547729,0.9992682933807372,0.9999538660049438,5.595543384552002,5.682209968566895,10.206589698791504,10.434946060180664,2.835775852203369,2.9187402725219727,0,0.0,0,Gate + docking predictor,2029
11,330,0.9126150608062744,10.799027442932127,10.93492317199707,10.93492317199707,10.88558292388916,2.334120512008667,2.334120512008667,2.418763399124145,2.479970216751098,2.3268091678619385,0.9993644952774048,0.9999538660049438,5.645375728607178,5.682209968566895,10.299345970153809,10.434946060180664,2.833802938461304,2.9187402725219727,0,0.0,1,Gate + docking predictor,2029
12,360,0.9813182353973388,10.88465404510498,11.069049835205078,11.069049835205078,10.955902099609377,2.33982253074646,2.33982253074646,2.2616469860076904,2.479970216751098,2.337268352508545,0.9997729063034058,0.9999266862869264,5.681885719299316,5.70965576171875,10.384765625,10.569086074829102,2.839709520339966,2.761610269546509,0,0.0,0,Gate + docking predictor,2029
1,30,0.2623062133789062,7.898187637329102,9.798250198364258,9.798250198364258,9.305959701538086,1.884840488433838,1.884840488433838,1.840245604515076,1.840245604515076,2.1956381797790527,0.8013490438461304,0.9980766773223876,5.248063087463379,5.902712821960449,7.623751640319824,9.299211502075195,2.159276247024536,2.339283943176269,0,0.0,0,Gate + docking predictor,2030
2,60,0.3249435424804687,9.170055389404297,9.936575889587402,9.936575889587402,9.824027061462402,2.1720998287200928,2.1720998287200928,2.573981761932373,2.573981761932373,2.14966344833374,0.9043371081352234,0.999832272529602,5.706700801849365,5.651781558990479,8.768705368041992,9.436659812927246,2.573448896408081,3.0738978385925293,0,0.0,0,Gate + docking predictor,2030
3,90,0.3841745853424072,9.760442733764648,10.265024185180664,10.265024185180664,10.00136375427246,2.1765129566192627,2.1765129566192627,2.515260696411133,2.573981761932373,2.324289321899414,0.9830504059791564,0.9999430179595948,5.817866802215576,5.506044864654541,9.27342700958252,9.765052795410156,2.663529396057129,3.0152320861816406,0,0.0,0,Gate + docking predictor,2030
4,120,0.4410414695739746,10.025249481201172,10.299283981323242,10.299283981323242,10.197824478149414,2.2805323600769043,2.2805323600769043,2.248618602752685,2.573981761932373,2.391559362411499,0.9994460344314576,0.9998069405555724,5.64796781539917,5.4209489822387695,9.52552604675293,9.7993803024292,2.78025484085083,2.7485220432281494,0,0.0,0,Gate + docking predictor,2030
5,150,0.5005943775177002,10.179253578186035,10.305785179138184,10.305785179138184,10.284629821777344,2.363638639450073,2.363638639450073,2.398159503936768,2.573981761932373,2.4106507301330566,0.9997844099998474,0.9999593496322632,5.530996322631836,5.349262714385986,9.679364204406738,9.805805206298828,2.86353087425232,2.898139238357544,0,0.0,0,Gate + docking predictor,2030
6,180,0.5542266368865967,10.274094581604004,10.455711364746094,10.455711364746094,10.359100341796877,2.3827145099639893,2.3827145099639893,2.336132764816284,2.573981761932373,2.421112537384033,0.9998890161514282,0.999832034111023,5.499814987182617,5.53673267364502,9.77414894104004,9.955795288085938,2.882659435272217,2.8360488414764404,0,0.0,0,Gate + docking predictor,2030
7,210,0.6202137470245361,10.367120742797852,10.559417724609377,10.559417724609377,10.46609592437744,2.4119505882263184,2.4119505882263184,2.6135659217834477,2.6135659217834477,2.440347671508789,0.9998635649681092,0.9999077320098876,5.515733242034912,5.509439468383789,9.867188453674316,10.059463500976562,2.911882162094116,3.1135196685791016,0,0.0,0,Gate + docking predictor,2030
8,240,0.6865875720977783,10.454459190368652,10.647969245910645,10.647969245910645,10.5687894821167,2.4355876445770264,2.4355876445770264,2.3429226875305176,2.6135659217834477,2.4250659942626958,0.999882996082306,0.9998181462287904,5.549386501312256,5.528658866882324,9.954516410827637,10.148059844970703,2.9355289936065674,2.84283185005188,0,0.0,0,Gate + docking predictor,2030
9,270,0.749908447265625,10.544988632202148,10.69914722442627,10.69914722442627,10.622779846191406,2.4286468029022217,2.4286468029022217,2.552298784255981,2.6135659217834477,2.420985698699951,0.999855935573578,0.9999381303787231,5.535800457000732,5.6399335861206055,10.045062065124512,10.199177742004396,2.928574562072754,3.0522677898406982,0,0.0,0,Gate + docking predictor,2030
10,300,0.8071553707122803,10.619180679321287,10.813067436218262,10.813067436218262,10.714231491088867,2.4171743392944336,2.4171743392944336,2.398669958114624,2.6135659217834477,2.457838535308838,0.9998457431793212,0.999832034111023,5.583034992218018,5.584503173828125,10.11925983428955,10.313151359558104,2.917097330093384,2.8985860347747803,0,0.0,0,Gate + docking predictor,2030
11,330,0.8734049797058105,10.654767990112305,10.824666023254396,10.824666023254396,10.757898330688477,2.480060577392578,2.480060577392578,2.541821956634521,2.6135659217834477,2.5146231651306152,0.9999001622200012,0.9999518394470216,5.634983539581299,5.758130073547363,10.154817581176758,10.324689865112305,2.980010509490967,3.041797876358032,0,0.0,0,Gate + docking predictor,2030
12,360,0.94307279586792,10.744709968566896,10.881818771362305,10.881818771362305,10.829267501831056,2.489957094192505,2.489957094192505,2.506251335144043,2.6135659217834477,2.5233161449432373,0.9998998045921326,0.9999234676361084,5.650211811065674,5.7126970291137695,10.244762420654297,10.38185691833496,2.9899070262908936,3.0062131881713867,0,0.0,0,Gate + docking predictor,2030
1,30,0.2857558727264404,2.159276247024536,3.265838861465454,3.265838861465454,2.86016845703125,1.884840488433838,1.884840488433838,2.765846967697144,2.765846967697144,2.365428924560547,0.8013492226600647,0.9999837875366212,5.248062610626221,5.298385143280029,7.623751640319824,7.660553932189941,2.159276247024536,3.265838861465454,0,0.0,0,Gate + sweet predictor,2026
2,60,0.3461780548095703,2.7431349754333496,3.344353675842285,3.344353675842285,3.123914957046509,2.2679450511932373,2.2679450511932373,2.8443644046783447,2.8443644046783447,2.625861883163452,0.9691907167434692,0.99997878074646,5.392361640930176,5.32576847076416,8.357882499694824,7.63440465927124,2.7431349754333496,3.344353675842285,1,0.0333333333333333,0,Gate + sweet predictor,2026
3,90,0.4081015586853027,3.088337182998657,3.3821020126342773,3.3821020126342773,3.276355028152466,2.600377321243286,2.600377321243286,2.8821139335632324,2.8821139335632324,2.7771387100219727,0.9867268204689026,0.9999759197235109,5.532439231872559,5.040761947631836,8.30180549621582,7.840300559997559,3.088337182998657,3.3821020126342773,4,0.1333333333333333,0,Gate + sweet predictor,2026
4,120,0.4712889194488525,3.2300350666046143,3.4039292335510254,3.4039292335510254,3.361485242843628,2.730973482131958,2.730973482131958,2.903942584991455,2.903942584991455,2.8614957332611084,0.9981234669685364,0.9999732971191406,5.326511859893799,5.036555290222168,7.90168285369873,7.827792167663574,3.2300350666046143,3.4039292335510254,14,0.4666666666666667,0,Gate + sweet predictor,2026
5,150,0.5379748344421387,3.35961651802063,3.4410719871521,3.4410719871521,3.406452178955078,2.859628200531006,2.859628200531006,2.94108247756958,2.94108247756958,2.906463623046875,0.9999765157699584,0.9999791383743286,5.232525825500488,5.101924419403076,7.678436279296875,7.695807456970215,3.35961651802063,3.4410719871521,27,0.9,0,Gate + sweet predictor,2026
6,180,0.6032552719116211,3.3941454887390137,3.460308074951172,3.460308074951172,3.431795120239258,2.8941574096679688,2.8941574096679688,2.9603185653686523,2.9603185653686523,2.931807518005371,0.9999762773513794,0.9999791383743286,5.136041164398193,5.047266006469727,7.771326541900635,7.742220401763916,3.3941454887390137,3.460308074951172,30,1.0,0,Gate + sweet predictor,2026
7,210,0.6667420864105225,3.4283576011657715,3.496989250183105,3.496989250183105,3.4672508239746094,2.9283688068389893,2.9283688068389893,2.9970030784606934,2.9970030784606934,2.9672610759735107,0.9999778866767884,0.9999723434448242,5.1200714111328125,5.071793556213379,7.753973484039307,7.80104923248291,3.4283576011657715,3.496989250183105,29,0.9666666666666668,0,Gate + sweet predictor,2026
8,240,0.7318918704986572,3.4604620933532715,3.52908706665039,3.52908706665039,3.501843214035034,2.9604732990264893,2.9604732990264893,3.029097080230713,3.029097080230713,3.001854419708252,0.9999783039093018,0.9999797344207764,5.080570697784424,5.013245105743408,7.751742839813232,7.797601222991943,3.4604620933532715,3.52908706665039,30,1.0,0,Gate + sweet predictor,2026
9,270,0.7913780212402344,3.4885060787200928,3.568471670150757,3.568471670150757,3.5399386882781982,2.988516330718994,2.988516330718994,3.0684821605682373,3.0684821605682373,3.039949655532837,0.9999786615371704,0.9999790191650392,5.059266567230225,5.05155611038208,7.794377326965332,8.003247261047363,3.4885060787200928,3.568471670150757,30,1.0,0,Gate + sweet predictor,2026
10,300,0.8524289131164551,3.528249979019165,3.641035318374634,3.641035318374634,3.588397979736328,3.028260946273804,3.028260946273804,3.141049861907959,3.141049861907959,3.088409185409546,0.9999772310256958,0.9999710321426392,5.056810855865479,4.985241889953613,7.81625509262085,7.939560890197754,3.528249979019165,3.641035318374634,30,1.0,0,Gate + sweet predictor,2026
11,330,0.914949893951416,3.570456027984619,3.641035318374634,3.641035318374634,3.6073365211486816,3.070467710494995,3.070467710494995,3.141049861907959,3.141049861907959,3.1073477268218994,0.9999772906303406,0.9999710321426392,5.078602313995361,4.985241889953613,7.866147994995117,7.939560890197754,3.570456027984619,3.641035318374634,30,1.0,1,Gate + sweet predictor,2026
12,360,0.9710941314697266,3.5962023735046387,3.673524618148804,3.673524618148804,3.640394926071167,3.0962133407592773,3.0962133407592773,3.1735339164733887,3.1735339164733887,3.1404061317443848,0.9999783039093018,0.99998140335083,5.087894916534424,4.979340553283691,7.892813205718994,7.923905372619629,3.5962023735046387,3.673524618148804,30,1.0,0,Gate + sweet predictor,2026
1,30,0.2670421600341797,2.159276247024536,3.265838861465454,3.265838861465454,2.86016845703125,1.8848406076431277,1.8848406076431277,2.765846967697144,2.765846967697144,2.365428924560547,0.8013491034507751,0.9999837875366212,5.248062133789063,5.298385143280029,7.623751640319824,7.660553932189941,2.159276247024536,3.265838861465454,0,0.0,0,Gate + sweet predictor,2027
2,60,0.3353590965270996,2.816046953201294,3.274568796157837,3.274568796157837,3.149780035018921,2.332072496414185,2.332072496414185,2.7746481895446777,2.7746481895446777,2.649918794631958,0.97856342792511,0.9998412132263184,5.746439456939697,5.278820991516113,8.369993209838867,8.324203491210938,2.816046953201294,3.274568796157837,0,0.0,0,Gate + sweet predictor,2027
3,90,0.3987576961517334,3.1348021030426025,3.2937934398651123,3.2937934398651123,3.2568936347961426,2.635648488998413,2.635648488998413,2.7938780784606934,2.7938780784606934,2.7569618225097656,0.998306691646576,0.999830722808838,5.789124965667725,5.302996635437012,8.17943000793457,8.368775367736816,3.1348021030426025,3.2937934398651123,0,0.0,0,Gate + sweet predictor,2027
4,120,0.4655663967132568,3.2557992935180664,3.352850914001465,3.352850914001465,3.3082237243652344,2.7559471130371094,2.7559471130371094,2.852917194366455,2.852917194366455,2.8082756996154785,0.9997050166130066,0.9998674392700196,5.332176685333252,5.195952892303467,8.13554573059082,8.223196029663086,3.2557992935180664,3.352850914001465,6,0.2,0,Gate + sweet predictor,2027
5,150,0.5307273864746094,3.30429482460022,3.352850914001465,3.352850914001465,3.334173679351806,2.804341554641724,2.804341554641724,2.852917194366455,2.852917194366455,2.8342342376708984,0.999906837940216,0.9998674392700196,5.281412124633789,5.195952892303467,8.008157730102539,8.223196029663086,3.30429482460022,3.352850914001465,18,0.6,1,Gate + sweet predictor,2027
6,180,0.5845088958740234,3.3293545246124268,3.410784244537353,3.410784244537353,3.3628623485565186,2.829427480697632,2.829427480697632,2.9108591079711914,2.9108591079711914,2.862943649291992,0.9998542666435242,0.9998501539230348,5.256911754608154,5.041964530944824,8.11733341217041,8.038534164428711,3.3293545246124268,3.410784244537353,26,0.8666666666666667,0,Gate + sweet predictor,2027
7,210,0.6500134468078613,3.341857671737671,3.458702564239502,3.458702564239502,3.3967156410217285,2.841941595077514,2.841941595077514,2.958885669708252,2.958885669708252,2.896813154220581,0.999832808971405,0.9996335506439208,5.222742557525635,5.215987682342529,8.1620454788208,8.354849815368652,3.341857671737671,3.458702564239502,25,0.8333333333333334,0,Gate + sweet predictor,2027
8,240,0.709040641784668,3.3837060928344727,3.5013718605041504,3.5013718605041504,3.4359138011932373,2.883779764175415,2.883779764175415,3.001453161239624,3.001453161239624,2.9359707832336426,0.9998522400856018,0.9998373985290528,5.195520401000977,5.128344058990479,8.171567916870117,8.207816123962402,3.3837060928344727,3.5013718605041504,29,0.9666666666666668,0,Gate + sweet predictor,2027
9,270,0.7677209377288818,3.4297397136688232,3.559798240661621,3.559798240661621,3.4839541912078857,2.929816007614136,2.929816007614136,3.059858798980713,3.059858798980713,2.9840192794799805,0.9998472332954408,0.9998791217803956,5.18922758102417,5.100186347961426,8.227028846740723,8.15074634552002,3.4297397136688232,3.559798240661621,29,0.9666666666666668,0,Gate + sweet predictor,2027
10,300,0.8325357437133789,3.481339931488037,3.587559223175049,3.587559223175049,3.543188095092773,2.981398582458496,2.981398582458496,3.087613821029663,3.087613821029663,3.043243169784546,0.9998828172683716,0.999890923500061,5.141680240631104,5.087543487548828,8.16158676147461,8.091636657714844,3.481339931488037,3.587559223175049,30,1.0,0,Gate + sweet predictor,2027
11,330,0.8883869647979736,3.542830228805542,3.620418548583984,3.620418548583984,3.587144374847412,3.042898416519165,3.042898416519165,3.120476484298706,3.120476484298706,3.087204694747925,0.9998642802238464,0.9998842477798462,5.149484157562256,5.106896877288818,8.203339576721191,8.092132568359375,3.542830228805542,3.620418548583984,30,1.0,0,Gate + sweet predictor,2027
12,360,0.9551756381988524,3.5778005123138428,3.6629440784454346,3.6629440784454346,3.6263835430145264,3.0778610706329346,3.0778610706329346,3.1630167961120605,3.1630167961120605,3.1264450550079346,0.9998786449432372,0.9998544454574584,5.145432949066162,5.211700439453125,8.138067245483398,8.013171195983887,3.5778005123138428,3.6629440784454346,30,1.0,0,Gate + sweet predictor,2027
1,30,0.2679996490478515,2.1592764854431152,3.265838861465454,3.265838861465454,2.86016845703125,1.884840488433838,1.884840488433838,2.765846967697144,2.765846967697144,2.365428924560547,0.8013492822647095,0.9999837875366212,5.248062610626221,5.298385143280029,7.623751640319824,7.660553932189941,2.1592764854431152,3.265838861465454,0,0.0,0,Gate + sweet predictor,2028
2,60,0.3293740749359131,2.8719818592071533,3.268405675888061,3.268405675888061,3.175086736679077,2.415435075759888,2.415435075759888,2.768413782119751,2.768413782119751,2.6756958961486816,0.9577206969261168,0.9999836683273317,5.643469333648682,5.314636707305908,8.130143165588379,7.605332851409912,2.8719818592071533,3.268405675888061,0,0.0,0,Gate + sweet predictor,2028
3,90,0.3876466751098633,3.1645185947418213,3.317049980163574,3.317049980163574,3.279719114303589,2.665777444839477,2.665777444839477,2.817056894302368,2.817056894302368,2.7797281742095947,0.9974820613861084,0.9999862909317015,5.475191593170166,5.015273094177246,8.050294876098633,7.844963073730469,3.1645185947418213,3.317049980163574,1,0.0333333333333333,0,Gate + sweet predictor,2028
4,120,0.4533939361572265,3.2754626274108887,3.42236328125,3.42236328125,3.3495864868164062,2.7755126953125,2.7755126953125,2.922374725341797,2.922374725341797,2.849595308303833,0.9998998045921326,0.9999772310256958,5.332004070281982,5.102218627929688,7.887261390686035,7.924437046051025,3.2754626274108887,3.42236328125,11,0.3666666666666666,0,Gate + sweet predictor,2028
5,150,0.5208439826965332,3.340214967727661,3.5092546939849854,3.5092546939849854,3.414358139038086,2.840224266052246,2.840224266052246,3.009263515472412,3.009263515472412,2.91436767578125,0.9999815821647644,0.999982476234436,5.03586483001709,4.9944987297058105,7.841779708862305,7.69821310043335,3.340214967727661,3.5092546939849854,21,0.7,0,Gate + sweet predictor,2028
6,180,0.5790369510650635,3.416632890701294,3.546154260635376,3.546154260635376,3.5101261138916016,2.916642189025879,2.916642189025879,3.0461630821228027,3.0461630821228027,3.0101351737976074,0.999980330467224,0.9999822378158568,5.026000499725342,5.031123161315918,7.8539137840271,7.749373435974121,3.416632890701294,3.546154260635376,29,0.9666666666666668,0,Gate + sweet predictor,2028
7,210,0.6343765258789062,3.4920971393585205,3.5988802909851074,3.5988802909851074,3.5490517616271973,2.992106676101685,2.992106676101685,3.0988893508911133,3.0988893508911133,3.049060583114624,0.9999818205833436,0.9999819993972778,4.992122173309326,5.040714740753174,7.804159164428711,7.88632869720459,3.4920971393585205,3.5988802909851074,30,1.0,0,Gate + sweet predictor,2028
8,240,0.7013564109802246,3.5295231342315674,3.607905387878418,3.607905387878418,3.5761852264404297,3.0295324325561523,3.0295324325561523,3.107916116714477,3.107916116714477,3.076194524765014,0.9999815821647644,0.99997878074646,5.010366916656494,5.072380542755127,7.7769012451171875,7.818892002105713,3.5295231342315674,3.607905387878418,30,1.0,0,Gate + sweet predictor,2028
9,270,0.7669658660888672,3.5726914405822754,3.645932674407959,3.645932674407959,3.614095687866211,3.072700262069702,3.072700262069702,3.1459431648254395,3.1459431648254395,3.114105701446533,0.9999816417694092,0.9999791383743286,5.072417259216309,5.119235038757324,7.8116559982299805,7.919069766998291,3.5726914405822754,3.645932674407959,30,1.0,0,Gate + sweet predictor,2028
10,300,0.8268415927886963,3.597752094268799,3.664813995361328,3.664813995361328,3.6386077404022217,3.097761869430542,3.097761869430542,3.164824962615967,3.164824962615967,3.138618469238281,0.9999814629554749,0.9999780654907228,5.075759410858154,5.136910438537598,7.829953193664551,7.9441423416137695,3.597752094268799,3.664813995361328,30,1.0,0,Gate + sweet predictor,2028
11,330,0.8829710483551025,3.620381355285645,3.685542583465576,3.685542583465576,3.664660692214966,3.120391368865967,3.120391368865967,3.185553550720215,3.185553550720215,3.1646711826324463,0.9999788999557496,0.9999778270721436,5.094761848449707,5.0735859870910645,7.83563232421875,7.832913875579834,3.620381355285645,3.685542583465576,30,1.0,0,Gate + sweet predictor,2028
12,360,0.9465625286102296,3.658682584762573,3.704800605773926,3.704800605773926,3.691044569015503,3.158693552017212,3.158693552017212,3.204811811447144,3.204811811447144,3.1910557746887207,0.999978005886078,0.9999775886535645,5.1123576164245605,5.059474945068359,7.852218627929687,7.935214042663574,3.658682584762573,3.704800605773926,30,1.0,0,Gate + sweet predictor,2028
1,30,0.2570796012878418,2.159276247024536,3.265838861465454,3.265838861465454,2.86016845703125,1.884840488433838,1.884840488433838,2.765846967697144,2.765846967697144,2.365428924560547,0.8013492226600647,0.9999837875366212,5.248062133789063,5.298385143280029,7.623751163482666,7.660553932189941,2.159276247024536,3.265838861465454,0,0.0,0,Gate + sweet predictor,2029
2,60,0.32161545753479,2.746693849563598,3.3223764896392822,3.3223764896392822,3.120245695114136,2.294426202774048,2.294426202774048,2.82238507270813,2.82238507270813,2.6220474243164062,0.9579034447669984,0.9999828338623048,5.394219398498535,5.172839164733887,8.211043357849121,7.804107666015625,2.746693849563598,3.3223764896392822,1,0.0333333333333333,0,Gate + sweet predictor,2029
3,90,0.3776113986968994,3.0376155376434326,3.3223764896392822,3.3223764896392822,3.211937665939331,2.53903603553772,2.53903603553772,2.82238507270813,2.82238507270813,2.711975574493408,0.9971581101417542,0.9999828338623048,5.476343631744385,5.172839164733887,8.09572982788086,7.804107666015625,3.0376155376434326,3.3223764896392822,2,0.0666666666666666,1,Gate + sweet predictor,2029
4,120,0.4358134269714355,3.1743862628936768,3.3263099193573,3.3263099193573,3.2839515209198,2.675201892852783,2.675201892852783,2.8263192176818848,2.8263192176818848,2.783963441848755,0.9983696341514589,0.9999815225601196,5.339704990386963,5.304646968841553,7.874322891235352,7.788144588470459,3.1743862628936768,3.3263099193573,5,0.1666666666666666,0,Gate + sweet predictor,2029
5,150,0.5050280094146729,3.2706427574157715,3.388688325881958,3.388688325881958,3.336981296539306,2.7706875801086426,2.7706875801086426,2.888698101043701,2.888698101043701,2.8369901180267334,0.9999112486839294,0.9999804496765136,5.257753372192383,5.235037803649902,7.751638889312744,7.819512844085693,3.2706427574157715,3.388688325881958,14,0.4666666666666667,0,Gate + sweet predictor,2029
6,180,0.571570634841919,3.329061269760132,3.4062092304229736,3.4062092304229736,3.375055313110352,2.8290698528289795,2.8290698528289795,2.906219005584717,2.906219005584717,2.875063896179199,0.9999828338623048,0.9999805688858032,5.200031757354736,5.186083793640137,7.79080057144165,7.849807739257812,3.329061269760132,3.4062092304229736,22,0.7333333333333333,0,Gate + sweet predictor,2029
7,210,0.6369986534118652,3.364574670791626,3.440110206604004,3.440110206604004,3.404661178588867,2.864584445953369,2.864584445953369,2.9401209354400635,2.9401209354400635,2.904670238494873,0.9999817609786988,0.9999784231185912,5.198441982269287,5.2765727043151855,7.841799736022949,7.8681960105896,3.364574670791626,3.440110206604004,28,0.9333333333333332,0,Gate + sweet predictor,2029
8,240,0.7011449337005615,3.4065070152282715,3.464299201965332,3.464299201965332,3.4474873542785645,2.9065165519714355,2.9065165519714355,2.96430778503418,2.96430778503418,2.947498321533203,0.9999812245368958,0.9999828338623048,5.1397318840026855,4.899372100830078,7.844732284545898,7.894569396972656,3.4065070152282715,3.464299201965332,30,1.0,0,Gate + sweet predictor,2029
9,270,0.767749547958374,3.436579704284668,3.5119729042053223,3.5119729042053223,3.472520351409912,2.9365897178649902,2.9365897178649902,3.011983156204224,3.011983156204224,2.9725308418273926,0.9999802112579346,0.9999792575836182,5.145317554473877,5.1855974197387695,7.866054058074951,7.882193088531494,3.436579704284668,3.5119729042053223,30,1.0,0,Gate + sweet predictor,2029
10,300,0.8327281475067139,3.4763128757476807,3.540690898895264,3.540690898895264,3.5146327018737797,2.97632360458374,2.97632360458374,3.040700674057007,3.040700674057007,3.0146427154541016,0.999978244304657,0.999980330467224,5.136681079864502,5.117570400238037,7.8651533126831055,7.847250461578369,3.4763128757476807,3.540690898895264,30,1.0,0,Gate + sweet predictor,2029
11,330,0.8963372707366943,3.513262987136841,3.5732204914093018,3.5732204914093018,3.5473904609680176,3.0132734775543213,3.0132734775543213,3.0732362270355225,3.0732362270355225,3.047400951385498,0.9999789595603944,0.9999685287475586,5.132613182067871,5.204861640930176,7.871384620666504,7.80817174911499,3.513262987136841,3.5732204914093018,30,1.0,0,Gate + sweet predictor,2029
12,360,0.9618945121765136,3.5397446155548096,3.62139892578125,3.62139892578125,3.576625108718872,3.0397543907165527,3.0397543907165527,3.1214160919189453,3.1214160919189453,3.076635837554932,0.9999797940254213,0.9999656677246094,5.083150386810303,5.212703704833984,7.889444828033447,7.826056003570557,3.5397446155548096,3.62139892578125,30,1.0,0,Gate + sweet predictor,2029
1,30,0.2698936462402344,2.159276247024536,3.265838861465454,3.265838861465454,2.86016845703125,1.884840488433838,1.884840488433838,2.765846967697144,2.765846967697144,2.365428924560547,0.8013490438461304,0.9999837875366212,5.248063087463379,5.298385143280029,7.623751640319824,7.660553932189941,2.159276247024536,3.265838861465454,0,0.0,0,Gate + sweet predictor,2030
2,60,0.328273057937622,2.8842570781707764,3.2867770195007324,3.2867770195007324,3.20133900642395,2.428083896636963,2.428083896636963,2.78678560256958,2.78678560256958,2.701367855072021,0.95651775598526,0.9999827146530152,5.471034526824951,5.299311637878418,8.391135215759277,7.5702619552612305,2.8842570781707764,3.2867770195007324,0,0.0,0,Gate + sweet predictor,2030
3,90,0.3936288356781006,3.153505802154541,3.3603832721710205,3.3603832721710205,3.2910850048065186,2.653703451156616,2.653703451156616,2.860395908355713,2.860395908355713,2.79109525680542,0.9996042847633362,0.9999747276306152,5.328379154205322,4.894372463226318,7.971651554107666,7.8285675048828125,3.153505802154541,3.3603832721710205,3,0.1,0,Gate + sweet predictor,2030
4,120,0.4569635391235351,3.297173261642456,3.376429319381714,3.376429319381714,3.348909378051758,2.7971842288970947,2.7971842288970947,2.876441478729248,2.876441478729248,2.8489208221435547,0.9999784231185912,0.999975562095642,5.1375274658203125,5.017622947692871,7.712625026702881,7.825873374938965,3.297173261642456,3.376429319381714,14,0.4666666666666667,0,Gate + sweet predictor,2030
5,150,0.5231983661651611,3.3308465480804443,3.399110794067383,3.399110794067383,3.370903491973877,2.830857515335083,2.830857515335083,2.899123191833496,2.899123191833496,2.8709137439727783,0.9999780654907228,0.9999754428863524,5.069738864898682,4.96945333480835,7.732300281524658,7.829184055328369,3.3308465480804443,3.399110794067383,23,0.7666666666666667,0,Gate + sweet predictor,2030
6,180,0.5883524417877197,3.366290807723999,3.4534616470336914,3.4534616470336914,3.4031691551208496,2.8663015365600586,2.8663015365600586,2.9534716606140137,2.9534716606140137,2.90317964553833,0.9999790191650392,0.999979853630066,5.030351638793945,5.073350429534912,7.798553466796875,7.733868598937988,3.366290807723999,3.4534616470336914,29,0.9666666666666668,0,Gate + sweet predictor,2030
7,210,0.6519663333892822,3.405906438827514,3.4806315898895264,3.4806315898895264,3.4445786476135254,2.9059178829193115,2.9059178829193115,2.9806458950042725,2.9806458950042725,2.9445900917053223,0.9999774694442748,0.9999712705612184,5.048782825469971,5.150235176086426,7.835912704467773,7.856530666351318,3.405906438827514,3.4806315898895264,30,1.0,0,Gate + sweet predictor,2030
8,240,0.717771053314209,3.424560070037842,3.4806315898895264,3.4806315898895264,3.465355634689331,2.924571990966797,2.924571990966797,2.9806458950042725,2.9806458950042725,2.965366840362549,0.9999761581420898,0.9999712705612184,5.051096439361572,5.150235176086426,7.825778007507324,7.856530666351318,3.424560070037842,3.4806315898895264,30,1.0,1,Gate + sweet predictor,2030
9,270,0.7715373039245605,3.456329822540283,3.496111869812012,3.496111869812012,3.4869015216827397,2.9563417434692383,2.9563417434692383,2.9961228370666504,2.9961228370666504,2.986912965774536,0.9999772906303406,0.9999778270721436,5.028196334838867,4.992005348205566,7.854983329772949,7.900228977203369,3.456329822540283,3.496111869812012,30,1.0,0,Gate + sweet predictor,2030
10,300,0.8356618881225586,3.47830581665039,3.536367416381836,3.536367416381836,3.51252818107605,2.9783177375793457,2.9783177375793457,3.036376714706421,3.036376714706421,3.012540340423584,0.9999768137931824,0.9999815225601196,5.016709327697754,4.943542957305908,7.878004550933838,7.842175483703613,3.47830581665039,3.536367416381836,30,1.0,0,Gate + sweet predictor,2030
11,330,0.8925929069519043,3.502673864364624,3.5718696117401123,3.5718696117401123,3.532911777496338,3.0026843547821045,3.0026843547821045,3.071881055831909,3.071881055831909,3.032922983169556,0.9999774694442748,0.9999771118164062,5.006370067596436,5.0523529052734375,7.868355274200439,7.968493461608887,3.502673864364624,3.5718696117401123,30,1.0,0,Gate + sweet predictor,2030
12,360,0.9559640884399414,3.522597312927246,3.595375061035156,3.595375061035156,3.5628790855407715,3.0226082801818848,3.0226082801818848,3.095384120941162,3.095384120941162,3.0628907680511475,0.9999770522117616,0.9999821186065674,5.014170169830322,4.9445977210998535,7.88110876083374,7.883668422698975,3.522597312927246,3.595375061035156,30,1.0,0,Gate + sweet predictor,2030
1,30,0.2952735424041748,1.884840488433838,2.765846967697144,2.765846967697144,2.434842586517334,1.884840488433838,1.884840488433838,2.765846967697144,2.765846967697144,2.434842586517334,0.8013492226600647,0.9999837875366212,5.248062610626221,5.298385143280029,7.623751640319824,7.660553932189941,2.159276247024536,3.265838861465454,0,0.0,0,Sweet predictor only,2026
2,60,0.3596251010894775,2.351503133773804,2.8443644046783447,2.8443644046783447,2.6354684829711914,2.351503133773804,2.351503133773804,2.8443644046783447,2.8443644046783447,2.6354684829711914,0.8095468878746033,0.99997878074646,5.621327877044678,5.32576847076416,8.262149810791016,7.63440465927124,2.6323342323303223,3.344353675842285,1,0.0333333333333333,0,Sweet predictor only,2026
3,90,0.4266107082366943,2.6058878898620605,2.8821139335632324,2.8821139335632324,2.781546115875244,2.6058878898620605,2.6058878898620605,2.8821139335632324,2.8821139335632324,2.781546115875244,0.9732846617698668,0.9999759197235109,5.519262790679932,5.040761947631836,8.283082962036133,7.840300559997559,3.0790390968322754,3.3821020126342773,4,0.1333333333333333,0,Sweet predictor only,2026
4,120,0.4964756965637207,2.731511116027832,2.903942584991455,2.903942584991455,2.8614957332611084,2.731511116027832,2.731511116027832,2.903942584991455,2.903942584991455,2.8614957332611084,0.98749840259552,0.9999732971191406,5.32343864440918,5.036555290222168,7.92680025100708,7.827792167663574,3.219161033630371,3.4039292335510254,14,0.4666666666666667,0,Sweet predictor only,2026
5,150,0.5632493495941162,2.859628200531006,2.94108247756958,2.94108247756958,2.906463623046875,2.859628200531006,2.859628200531006,2.94108247756958,2.94108247756958,2.906463623046875,0.9999765157699584,0.9999791383743286,5.232525825500488,5.101924419403076,7.678436279296875,7.695807456970215,3.35961651802063,3.4410719871521,27,0.9,0,Sweet predictor only,2026
6,180,0.628298282623291,2.8941574096679688,2.9603185653686523,2.9603185653686523,2.931807518005371,2.8941574096679688,2.8941574096679688,2.9603185653686523,2.9603185653686523,2.931807518005371,0.9999762773513794,0.9999791383743286,5.136041164398193,5.047266006469727,7.771326541900635,7.742220401763916,3.3941454887390137,3.460308074951172,30,1.0,0,Sweet predictor only,2026
7,210,0.6816201210021973,2.9283688068389893,2.9970030784606934,2.9970030784606934,2.9672610759735107,2.9283688068389893,2.9283688068389893,2.9970030784606934,2.9970030784606934,2.9672610759735107,0.9999778866767884,0.9999723434448242,5.1200714111328125,5.071793556213379,7.753973484039307,7.80104923248291,3.4283576011657715,3.496989250183105,29,0.9666666666666668,0,Sweet predictor only,2026
8,240,0.7458841800689697,2.9604732990264893,3.029097080230713,3.029097080230713,3.001854419708252,2.9604732990264893,2.9604732990264893,3.029097080230713,3.029097080230713,3.001854419708252,0.9999783039093018,0.9999797344207764,5.080570697784424,5.013245105743408,7.751742839813232,7.797601222991943,3.4604620933532715,3.52908706665039,30,1.0,0,Sweet predictor only,2026
9,270,0.8116672039031982,2.988516330718994,3.0684821605682373,3.0684821605682373,3.039949655532837,2.988516330718994,2.988516330718994,3.0684821605682373,3.0684821605682373,3.039949655532837,0.9999786615371704,0.9999790191650392,5.059266567230225,5.05155611038208,7.794377326965332,8.003247261047363,3.4885060787200928,3.568471670150757,30,1.0,0,Sweet predictor only,2026
10,300,0.8672525882720947,3.028260946273804,3.141049861907959,3.141049861907959,3.088409185409546,3.028260946273804,3.028260946273804,3.141049861907959,3.141049861907959,3.088409185409546,0.9999772310256958,0.9999710321426392,5.056810855865479,4.985241889953613,7.81625509262085,7.939560890197754,3.528249979019165,3.641035318374634,30,1.0,0,Sweet predictor only,2026
11,330,0.9260196685791016,3.070467710494995,3.141049861907959,3.141049861907959,3.1073477268218994,3.070467710494995,3.070467710494995,3.141049861907959,3.141049861907959,3.1073477268218994,0.9999772906303406,0.9999710321426392,5.078602313995361,4.985241889953613,7.866147994995117,7.939560890197754,3.570456027984619,3.641035318374634,30,1.0,1,Sweet predictor only,2026
12,360,0.9912443161010742,3.0962133407592773,3.1735339164733887,3.1735339164733887,3.1404061317443848,3.0962133407592773,3.0962133407592773,3.1735339164733887,3.1735339164733887,3.1404061317443848,0.9999783039093018,0.99998140335083,5.087894916534424,4.979340553283691,7.892813205718994,7.923905372619629,3.5962023735046387,3.673524618148804,30,1.0,0,Sweet predictor only,2026
1,30,0.2682900428771972,1.8848406076431277,2.765846967697144,2.765846967697144,2.434842586517334,1.8848406076431277,1.8848406076431277,2.765846967697144,2.765846967697144,2.434842586517334,0.8013491034507751,0.9999837875366212,5.248062133789063,5.298385143280029,7.623751640319824,7.660553932189941,2.159276247024536,3.265838861465454,0,0.0,0,Sweet predictor only,2027
2,60,0.3346667289733886,2.367124080657959,2.7746481895446777,2.7746481895446777,2.649918794631958,2.367124080657959,2.367124080657959,2.7746481895446777,2.7746481895446777,2.649918794631958,0.8585488796234131,0.9998412132263184,5.745381832122803,5.278820991516113,8.158121109008789,8.324203491210938,2.705482721328736,3.274568796157837,0,0.0,0,Sweet predictor only,2027
3,90,0.400822639465332,2.635648488998413,2.7938780784606934,2.7938780784606934,2.7569618225097656,2.635648488998413,2.635648488998413,2.7938780784606934,2.7938780784606934,2.7569618225097656,0.998306691646576,0.999830722808838,5.789124965667725,5.302996635437012,8.17943000793457,8.368775367736816,3.1348021030426025,3.2937934398651123,0,0.0,0,Sweet predictor only,2027
4,120,0.4636991024017334,2.7559471130371094,2.852917194366455,2.852917194366455,2.8082756996154785,2.7559471130371094,2.7559471130371094,2.852917194366455,2.852917194366455,2.8082756996154785,0.9997050166130066,0.9998674392700196,5.332176685333252,5.195952892303467,8.13554573059082,8.223196029663086,3.2557992935180664,3.352850914001465,6,0.2,0,Sweet predictor only,2027
5,150,0.5263330936431885,2.804341554641724,2.852917194366455,2.852917194366455,2.8342342376708984,2.804341554641724,2.804341554641724,2.852917194366455,2.852917194366455,2.8342342376708984,0.999906837940216,0.9998674392700196,5.281412124633789,5.195952892303467,8.008157730102539,8.223196029663086,3.30429482460022,3.352850914001465,18,0.6,1,Sweet predictor only,2027
6,180,0.5882885456085205,2.829427480697632,2.9108591079711914,2.9108591079711914,2.862943649291992,2.829427480697632,2.829427480697632,2.9108591079711914,2.9108591079711914,2.862943649291992,0.9998542666435242,0.9998501539230348,5.256911754608154,5.041964530944824,8.11733341217041,8.038534164428711,3.3293545246124268,3.410784244537353,26,0.8666666666666667,0,Sweet predictor only,2027
7,210,0.6517972946166992,2.841941595077514,2.958885669708252,2.958885669708252,2.896813154220581,2.841941595077514,2.841941595077514,2.958885669708252,2.958885669708252,2.896813154220581,0.999832808971405,0.9996335506439208,5.222742557525635,5.215987682342529,8.1620454788208,8.354849815368652,3.341857671737671,3.458702564239502,25,0.8333333333333334,0,Sweet predictor only,2027
8,240,0.7175111770629883,2.8819985389709477,3.001453161239624,3.001453161239624,2.9359726905822754,2.8819985389709477,2.8819985389709477,3.001453161239624,3.001453161239624,2.9359726905822754,0.9998214840888976,0.9998373985290528,5.20828914642334,5.128344058990479,8.19582462310791,8.207816123962402,3.381909847259521,3.5013718605041504,29,0.9666666666666668,0,Sweet predictor only,2027
9,270,0.7839474678039551,2.9282162189483643,3.059858798980713,3.059858798980713,2.9849324226379395,2.9282162189483643,2.9282162189483643,3.059858798980713,3.059858798980713,2.9849324226379395,0.9998329877853394,0.9998791217803956,5.196381092071533,5.100186347961426,8.249711036682129,8.15074634552002,3.4281325340271,3.559798240661621,28,0.9333333333333332,0,Sweet predictor only,2027
10,300,0.8428499698638916,2.981966733932495,3.087613821029663,3.087613821029663,3.043243169784546,2.981966733932495,2.981966733932495,3.087613821029663,3.087613821029663,3.043243169784546,0.9998825788497924,0.999890923500061,5.138323783874512,5.087543487548828,8.164801597595215,8.091636657714844,3.481907367706299,3.587559223175049,30,1.0,0,Sweet predictor only,2027
11,330,0.907602310180664,3.0432746410369877,3.120476484298706,3.120476484298706,3.087204694747925,3.0432746410369877,3.0432746410369877,3.120476484298706,3.120476484298706,3.087204694747925,0.9998639822006226,0.9998842477798462,5.147800922393799,5.106896877288818,8.204829216003418,8.092132568359375,3.5432064533233643,3.620418548583984,30,1.0,0,Sweet predictor only,2027
12,360,0.9745054244995116,3.0778610706329346,3.1630167961120605,3.1630167961120605,3.1264450550079346,3.0778610706329346,3.0778610706329346,3.1630167961120605,3.1630167961120605,3.1264450550079346,0.9998786449432372,0.9998544454574584,5.145432949066162,5.211700439453125,8.138067245483398,8.013171195983887,3.5778005123138428,3.6629440784454346,30,1.0,0,Sweet predictor only,2027
1,30,0.2711224555969238,1.884840488433838,2.765846967697144,2.765846967697144,2.434842586517334,1.884840488433838,1.884840488433838,2.765846967697144,2.765846967697144,2.434842586517334,0.8013492822647095,0.9999837875366212,5.248062610626221,5.298385143280029,7.623751640319824,7.660553932189941,2.1592764854431152,3.265838861465454,0,0.0,0,Sweet predictor only,2028
2,60,0.3361005783081054,2.4602255821228027,2.7901859283447266,2.7901859283447266,2.691390037536621,2.4602255821228027,2.4602255821228027,2.7901859283447266,2.7901859283447266,2.691390037536621,0.8347502946853638,0.9213240742683412,5.807465076446533,5.624180316925049,8.097504615783691,8.718968391418457,2.7717440128326416,3.2508480548858643,0,0.0,0,Sweet predictor only,2028
3,90,0.4028182029724121,2.672020196914673,2.7901859283447266,2.7901859283447266,2.777040958404541,2.672020196914673,2.672020196914673,2.7901859283447266,2.7901859283447266,2.777040958404541,0.9555580615997314,0.9213240742683412,5.508767127990723,5.624180316925049,8.119524955749512,8.718968391418457,3.126889705657959,3.2508480548858643,0,0.0,1,Sweet predictor only,2028
4,120,0.4645044803619385,2.782069683074951,2.9475340843200684,2.9475340843200684,2.867349147796631,2.782069683074951,2.782069683074951,2.9475340843200684,2.9475340843200684,2.867349147796631,0.992380678653717,0.9999727010726928,5.305821418762207,5.039231300354004,8.031015396118164,7.758950710296631,3.27825927734375,3.44752049446106,10,0.3333333333333333,0,Sweet predictor only,2028
5,150,0.5203115940093994,2.8573927879333496,2.976921558380127,2.976921558380127,2.929687261581421,2.8573927879333496,2.8573927879333496,2.976921558380127,2.976921558380127,2.929687261581421,0.998043179512024,0.9999806880950928,5.034648418426514,5.10001802444458,7.836638927459717,7.603747367858887,3.356414318084717,3.476912021636963,25,0.8333333333333334,0,Sweet predictor only,2028
6,180,0.5871593952178955,2.9298248291015625,3.052435398101806,3.052435398101806,2.9961838722229004,2.9298248291015625,2.9298248291015625,3.052435398101806,3.052435398101806,2.9961838722229004,0.9985026121139526,0.9999676942825316,5.052220344543457,4.869875431060791,7.877039432525635,7.900827884674072,3.4290754795074463,3.552419185638428,30,1.0,0,Sweet predictor only,2028
7,210,0.6526694297790527,2.993782997131348,3.0733463764190674,3.0733463764190674,3.0467734336853027,2.993782997131348,2.993782997131348,3.0733463764190674,3.0733463764190674,3.0467734336853027,0.9999749660491944,0.9999622106552124,4.996200084686279,4.933976650238037,7.785235404968262,7.904066562652588,3.4937703609466557,3.5733275413513184,30,1.0,0,Sweet predictor only,2028
8,240,0.7162783145904541,3.030416250228882,3.0968823432922363,3.0968823432922363,3.077098608016968,3.030416250228882,3.030416250228882,3.0968823432922363,3.0968823432922363,3.077098608016968,0.9999738931655884,0.9999735355377196,4.960122108459473,5.0355095863342285,7.795595169067383,7.769452571868896,3.5304031372070312,3.596868991851806,30,1.0,0,Sweet predictor only,2028
9,270,0.7810165882110596,3.0683226585388184,3.124996900558472,3.124996900558472,3.1032564640045166,3.0683226585388184,3.0683226585388184,3.124996900558472,3.124996900558472,3.1032564640045166,0.9999728798866272,0.9999748468399048,4.959846019744873,5.034347534179688,7.831711292266846,7.782112121582031,3.5683093070983887,3.6249842643737793,30,1.0,0,Sweet predictor only,2028
10,300,0.8402934074401855,3.094899892807007,3.159065961837769,3.159065961837769,3.1301660537719727,3.094899892807007,3.094899892807007,3.159065961837769,3.159065961837769,3.1301660537719727,0.99997079372406,0.9999648332595824,4.933844089508057,4.92037296295166,7.86245059967041,7.790879249572754,3.5948851108551025,3.659048318862915,30,1.0,0,Sweet predictor only,2028
11,330,0.8965010643005371,3.1175549030303955,3.1927530765533447,3.1927530765533447,3.161597490310669,3.1175549030303955,3.1175549030303955,3.1927530765533447,3.1927530765533447,3.161597490310669,0.999968945980072,0.9999643564224244,4.946589469909668,4.9223175048828125,7.851456165313721,7.82879114151001,3.617539167404175,3.692735195159912,30,1.0,0,Sweet predictor only,2028
12,360,0.9629387855529784,3.1530356407165527,3.1967995166778564,3.1967995166778564,3.187704801559448,3.1530356407165527,3.1530356407165527,3.1967995166778564,3.1967995166778564,3.187704801559448,0.9999675750732422,0.9999710321426392,4.970528602600098,5.186472892761231,7.849480628967285,7.553427696228027,3.653019428253174,3.6967849731445312,30,1.0,0,Sweet predictor only,2028
1,30,0.2500016689300537,1.884840488433838,2.765846967697144,2.765846967697144,2.434842586517334,1.884840488433838,1.884840488433838,2.765846967697144,2.765846967697144,2.434842586517334,0.8013492226600647,0.9999837875366212,5.248062133789063,5.298385143280029,7.623751163482666,7.660553932189941,2.159276247024536,3.265838861465454,0,0.0,0,Sweet predictor only,2029
2,60,0.3147039413452148,2.3779959678649902,2.82238507270813,2.82238507270813,2.639601230621338,2.3779959678649902,2.3779959678649902,2.82238507270813,2.82238507270813,2.639601230621338,0.7610533237457275,0.9999828338623048,5.63557243347168,5.172839164733887,8.031267166137695,7.804107666015625,2.594670534133911,3.3223764896392822,1,0.0333333333333333,0,Sweet predictor only,2029
3,90,0.3803849220275879,2.591122627258301,2.82238507270813,2.82238507270813,2.7190399169921875,2.591122627258301,2.591122627258301,2.82238507270813,2.82238507270813,2.7190399169921875,0.903316855430603,0.9999828338623048,5.731400489807129,5.172839164733887,8.152691841125488,7.804107666015625,2.9785614013671875,3.3223764896392822,2,0.0666666666666666,1,Sweet predictor only,2029
4,120,0.4359900951385498,2.6864867210388184,2.8263192176818848,2.8263192176818848,2.780599594116211,2.6864867210388184,2.6864867210388184,2.8263192176818848,2.8263192176818848,2.780599594116211,0.9960407614707948,0.9999815225601196,5.330591201782227,5.304646968841553,7.696151733398437,7.788144588470459,3.184506893157959,3.3263099193573,5,0.1666666666666666,0,Sweet predictor only,2029
5,150,0.4915387630462646,2.779906272888184,2.888698101043701,2.888698101043701,2.836967945098877,2.779906272888184,2.779906272888184,2.888698101043701,2.888698101043701,2.836967945098877,0.9985210299491882,0.9999804496765136,5.222699165344238,5.235037803649902,7.650454998016357,7.819512844085693,3.2791666984558105,3.388688325881958,13,0.4333333333333333,0,Sweet predictor only,2029
6,180,0.5568253993988037,2.823140859603882,2.919140100479126,2.919140100479126,2.873737335205078,2.823140859603882,2.823140859603882,2.919140100479126,2.919140100479126,2.873737335205078,0.9996924996376038,0.9999603033065796,5.214685440063477,5.1161065101623535,7.784406185150146,7.616856575012207,3.3229868412017822,3.4191203117370605,19,0.6333333333333333,0,Sweet predictor only,2029
7,210,0.616863489151001,2.869425058364868,2.963467121124268,2.963467121124268,2.925365924835205,2.869425058364868,2.869425058364868,2.963467121124268,2.963467121124268,2.925365924835205,0.999976933002472,0.9999696016311646,5.192205905914307,4.995948791503906,7.890208721160889,8.350993156433105,3.369412660598755,3.463451862335205,26,0.8666666666666667,0,Sweet predictor only,2029
8,240,0.6705131530761719,2.931114435195923,3.020576238632202,3.020576238632202,2.9796605110168457,2.931114435195923,2.931114435195923,3.020576238632202,3.020576238632202,2.9796605110168457,0.9999716281890868,0.9999642372131348,5.130256175994873,4.989249229431152,8.05005168914795,8.358274459838867,3.431100368499756,3.520558357238769,30,1.0,0,Sweet predictor only,2029
9,270,0.7316269874572754,2.970716953277588,3.036231517791748,3.036231517791748,3.017963409423828,2.970716953277588,2.970716953277588,3.036231517791748,3.036231517791748,3.017963409423828,0.9999687671661376,0.9999617338180542,5.0882978439331055,5.021127223968506,8.234509468078613,8.401651382446289,3.470700740814209,3.53621244430542,30,1.0,0,Sweet predictor only,2029
10,300,0.7872335910797119,3.0240440368652344,3.099623680114746,3.099623680114746,3.064126491546631,3.0240440368652344,3.0240440368652344,3.099623680114746,3.099623680114746,3.064126491546631,0.9999701976776124,0.9999667406082152,5.032739639282227,5.081557750701904,8.251909255981445,8.434103965759277,3.52402925491333,3.599606990814209,30,1.0,0,Sweet predictor only,2029
11,330,0.8456218242645264,3.0696470737457275,3.146928071975708,3.146928071975708,3.1092007160186768,3.0696470737457275,3.0696470737457275,3.146928071975708,3.146928071975708,3.1092007160186768,0.9999691843986512,0.999961256980896,5.023777961730957,5.063942909240723,8.29486083984375,8.34459400177002,3.569631338119507,3.646908760070801,30,1.0,0,Sweet predictor only,2029
12,360,0.910141944885254,3.0997567176818848,3.1812222003936768,3.1812222003936768,3.149400472640991,3.0997567176818848,3.0997567176818848,3.1812222003936768,3.1812222003936768,3.149400472640991,0.9999656677246094,0.9999642372131348,5.0555195808410645,5.128861427307129,8.343513488769531,8.5770263671875,3.599739789962769,3.681204319000244,30,1.0,0,Sweet predictor only,2029
1,30,0.2661428451538086,1.884840488433838,2.765846967697144,2.765846967697144,2.434842586517334,1.884840488433838,1.884840488433838,2.765846967697144,2.765846967697144,2.434842586517334,0.8013490438461304,0.9999837875366212,5.248063087463379,5.298385143280029,7.623751640319824,7.660553932189941,2.159276247024536,3.265838861465454,0,0.0,0,Sweet predictor only,2030
2,60,0.3234615325927734,2.4468672275543213,2.78678560256958,2.78678560256958,2.701367855072021,2.4468672275543213,2.4468672275543213,2.78678560256958,2.78678560256958,2.701367855072021,0.885039746761322,0.9999827146530152,5.592711925506592,5.299311637878418,8.283478736877441,7.5702619552612305,2.817318916320801,3.2867770195007324,0,0.0,0,Sweet predictor only,2030
3,90,0.3850381374359131,2.6758198738098145,2.860395908355713,2.860395908355713,2.79109525680542,2.6758198738098145,2.6758198738098145,2.860395908355713,2.860395908355713,2.79109525680542,0.946597456932068,0.9999747276306152,5.278955459594727,4.894372463226318,7.909936904907227,7.8285675048828125,3.113931179046631,3.3603832721710205,3,0.1,0,Sweet predictor only,2030
4,120,0.4514274597167969,2.7971842288970947,2.876441478729248,2.876441478729248,2.8489208221435547,2.7971842288970947,2.7971842288970947,2.876441478729248,2.876441478729248,2.8489208221435547,0.9999784231185912,0.999975562095642,5.1375274658203125,5.017622947692871,7.712625026702881,7.825873374938965,3.297173261642456,3.376429319381714,14,0.4666666666666667,0,Sweet predictor only,2030
5,150,0.5168030261993408,2.830857515335083,2.899123191833496,2.899123191833496,2.8709137439727783,2.830857515335083,2.830857515335083,2.899123191833496,2.899123191833496,2.8709137439727783,0.9999780654907228,0.9999754428863524,5.069738864898682,4.96945333480835,7.732300281524658,7.829184055328369,3.3308465480804443,3.399110794067383,23,0.7666666666666667,0,Sweet predictor only,2030
6,180,0.5801162719726562,2.8663015365600586,2.9534716606140137,2.9534716606140137,2.90317964553833,2.8663015365600586,2.8663015365600586,2.9534716606140137,2.9534716606140137,2.90317964553833,0.9999790191650392,0.999979853630066,5.030351638793945,5.073350429534912,7.798553466796875,7.733868598937988,3.366290807723999,3.4534616470336914,29,0.9666666666666668,0,Sweet predictor only,2030
7,210,0.6434273719787598,2.9059178829193115,2.9806458950042725,2.9806458950042725,2.9445900917053223,2.9059178829193115,2.9059178829193115,2.9806458950042725,2.9806458950042725,2.9445900917053223,0.9999774694442748,0.9999712705612184,5.048782825469971,5.150235176086426,7.835912704467773,7.856530666351318,3.405906438827514,3.4806315898895264,30,1.0,0,Sweet predictor only,2030
8,240,0.7044343948364258,2.924571990966797,2.9806458950042725,2.9806458950042725,2.965366840362549,2.924571990966797,2.924571990966797,2.9806458950042725,2.9806458950042725,2.965366840362549,0.9999761581420898,0.9999712705612184,5.051096439361572,5.150235176086426,7.825778007507324,7.856530666351318,3.424560070037842,3.4806315898895264,30,1.0,1,Sweet predictor only,2030
9,270,0.7705001831054688,2.9563417434692383,2.9961228370666504,2.9961228370666504,2.986912965774536,2.9563417434692383,2.9563417434692383,2.9961228370666504,2.9961228370666504,2.986912965774536,0.9999772906303406,0.9999778270721436,5.028196334838867,4.992005348205566,7.854983329772949,7.900228977203369,3.456329822540283,3.496111869812012,30,1.0,0,Sweet predictor only,2030
10,300,0.8352675437927246,2.9783177375793457,3.036376714706421,3.036376714706421,3.012540340423584,2.9783177375793457,2.9783177375793457,3.036376714706421,3.036376714706421,3.012540340423584,0.9999768137931824,0.9999815225601196,5.016709327697754,4.943542957305908,7.878004550933838,7.842175483703613,3.47830581665039,3.536367416381836,30,1.0,0,Sweet predictor only,2030
11,330,0.9021642208099364,3.0026843547821045,3.071881055831909,3.071881055831909,3.032922983169556,3.0026843547821045,3.0026843547821045,3.071881055831909,3.071881055831909,3.032922983169556,0.9999774694442748,0.9999771118164062,5.006370067596436,5.0523529052734375,7.868355274200439,7.968493461608887,3.502673864364624,3.5718696117401123,30,1.0,0,Sweet predictor only,2030
12,360,0.966843605041504,3.0226082801818848,3.095384120941162,3.095384120941162,3.0628907680511475,3.0226082801818848,3.0226082801818848,3.095384120941162,3.095384120941162,3.0628907680511475,0.9999770522117616,0.9999821186065674,5.014170169830322,4.9445977210998535,7.88110876083374,7.883668422698975,3.522597312927246,3.595375061035156,30,1.0,0,Sweet predictor only,2030
