generation,rank,idx,smiles,valid,score_ga,p_sweet,pred_logsw,pred_logsw_mean,pred_logsw_std,pred_logsw_clipped,d_ood,d_ood_norm,docking_score,docking_score_std,gated_base_score,success
1,0,9,,False,2.7658469676971436,0.9999837875366211,2.7658469676971436,2.7658469676971436,0.2119266390800476,2.7658469676971436,5.298385143280029,0.0,7.660553932189941,0.40941938757896423,3.265838861465454,False
1,1,25,,False,2.6211986541748047,0.9999386072158813,2.6211986541748047,2.6211986541748047,0.2595248818397522,2.6211986541748047,5.073716163635254,0.0,8.015424728393555,0.14624637365341187,3.1211678981781006,False
1,2,27,,False,2.595707416534424,0.9995408058166504,2.595707416534424,2.595707416534424,0.14055423438549042,2.595707416534424,6.82282018661499,0.6553093194961548,8.542268753051758,0.23733678460121155,3.095477819442749,False
1,3,11,,False,2.4998059272766113,0.9911714196205139,2.4998059272766113,2.4998059272766113,0.23268412053585052,2.4998059272766113,5.890031337738037,0.0,8.500150680541992,0.40092238783836365,2.995391607284546,False
1,4,23,,False,2.440936803817749,0.9998218417167664,2.440936803817749,2.440936803817749,0.1349734514951706,2.440936803817749,6.4586076736450195,0.34353193640708923,9.280439376831055,0.6464104056358337,2.940847635269165,False
1,5,13,,False,2.377548933029175,0.90908282995224,2.377548933029175,2.377548933029175,0.12760764360427856,2.377548933029175,6.142675876617432,0.07308436185121536,9.145124435424805,0.4726239740848541,2.832090377807617,False
1,6,1,,False,2.3296337127685547,0.5966482162475586,2.3296337127685547,2.3296337127685547,0.22247181832790375,2.3296337127685547,7.453064918518066,1.1948186159133911,9.261712074279785,0.379048228263855,2.369527578353882,False
1,7,16,,False,2.2792630195617676,0.05541137233376503,2.2792630195617676,2.2792630195617676,0.433562308549881,2.2792630195617676,5.243255615234375,0.0,6.589661598205566,0.3092629611492157,1.6312978267669678,False
1,8,6,,False,2.24263334274292,0.16204240918159485,2.24263334274292,2.24263334274292,0.3738231956958771,2.24263334274292,4.904158592224121,0.0,6.034731864929199,0.31527167558670044,1.7332885265350342,False
1,9,22,,False,2.195849895477295,0.7996657490730286,2.195849895477295,2.195849895477295,0.25289130210876465,2.195849895477295,6.293221950531006,0.20195654034614563,9.084260940551758,0.10064501315355301,2.5154154300689697,False
1,10,8,,False,2.127624988555908,0.999930739402771,2.127624988555908,2.127624988555908,0.4240727126598358,2.127624988555908,4.155632972717285,0.0,7.8307905197143555,0.15977829694747925,2.6275904178619385,False
1,11,19,,False,2.095669984817505,0.9956271648406982,2.095669984817505,2.095669984817505,0.29515916109085083,2.095669984817505,6.664881229400635,0.5201085805892944,8.759283065795898,0.09892275929450989,2.5934834480285645,False
1,12,3,,False,2.0930285453796387,0.9999397993087769,2.0930285453796387,2.0930285453796387,0.619549572467804,2.0930285453796387,3.5470938682556152,0.0,8.121075630187988,0.24433250725269318,2.592998504638672,False
1,13,17,,False,2.0369210243225098,0.9997507929801941,2.0369210243225098,2.0369210243225098,0.4444893002510071,2.0369210243225098,3.4671108722686768,0.0,7.690269470214844,0.07578438520431519,2.5367963314056396,False
1,14,18,,False,2.0001027584075928,0.2144843488931656,2.0001027584075928,2.0001027584075928,0.2846827805042267,2.0001027584075928,5.308675289154053,0.0,5.979151248931885,0.34292569756507874,1.5589323043823242,False
1,15,21,,False,1.9632012844085693,0.996025562286377,1.9632012844085693,1.9632012844085693,0.19423522055149078,1.9632012844085693,5.626951217651367,0.0,7.453736782073975,0.13730327785015106,2.461214065551758,False
1,16,10,,False,1.8402456045150757,0.9980766773223877,1.8402456045150757,1.8402456045150757,0.24735315144062042,1.8402456045150757,5.902712821960449,0.0,9.299211502075195,0.254045307636261,2.3392839431762695,False
1,17,15,,False,1.8388172388076782,0.9995865225791931,1.8388172388076782,1.8388172388076782,0.4363221824169159,1.8388172388076782,4.763103485107422,0.0,6.62204647064209,0.41366302967071533,2.3386104106903076,False
1,18,5,,False,1.8121793270111084,0.9999452829360962,1.8121793270111084,1.8121793270111084,0.42880716919898987,1.8121793270111084,4.387959957122803,0.0,7.6791863441467285,0.26647159457206726,2.3121519088745117,False
1,19,29,,False,1.7853918075561523,0.792884349822998,1.7853918075561523,1.7853918075561523,0.35484975576400757,1.7853918075561523,5.058051586151123,0.0,7.009171962738037,0.19783104956150055,2.0961415767669678,False
1,20,4,,False,1.6178131103515625,0.9999402761459351,1.6178131103515625,1.6178131103515625,0.36600029468536377,1.6178131103515625,5.206389427185059,0.0,7.759315490722656,0.10200269520282745,2.117783308029175,False
1,21,2,,False,1.6024589538574219,0.9989783763885498,1.6024589538574219,1.6024589538574219,0.5514169335365295,1.6024589538574219,5.4308881759643555,0.0,6.6312713623046875,0.4317300617694855,2.1019482612609863,False
1,22,24,,False,1.5487428903579712,0.0018570184474810958,1.5487428903579712,1.5487428903579712,0.5347394943237305,1.5487428903579712,6.024664878845215,0.0,6.455052852630615,0.28749412298202515,0.8311570286750793,False
1,23,0,,False,1.48795485496521,0.9998713731765747,1.48795485496521,1.48795485496521,0.35175931453704834,1.48795485496521,5.16354513168335,0.0,8.760041236877441,0.29214370250701904,1.9878904819488525,False
1,24,26,,False,1.4332869052886963,0.5564268827438354,1.4332869052886963,1.4332869052886963,0.2843489646911621,1.4332869052886963,4.6936235427856445,0.0,5.475332736968994,0.3191288709640503,1.4366419315338135,False
1,25,20,,False,1.384303092956543,0.9992449283599854,1.384303092956543,1.384303092956543,0.6302633285522461,1.384303092956543,4.110793113708496,0.0,6.530330657958984,0.261059433221817,1.8839255571365356,False
1,26,12,,False,1.25627601146698,0.9682835936546326,1.25627601146698,1.25627601146698,0.4317161440849304,1.25627601146698,4.909976959228516,0.0,6.453913688659668,0.30480337142944336,1.7404178380966187,False
1,27,7,,False,1.2138584852218628,0.832955002784729,1.2138584852218628,1.2138584852218628,0.6029090285301208,1.2138584852218628,5.034695148468018,0.0,6.349333763122559,0.21696212887763977,1.5767000913619995,False
1,28,14,,False,0.5333398580551147,0.3443813920021057,0.5333398580551147,0.5333398580551147,0.43607646226882935,0.5333398580551147,3.914372682571411,0.0,8.215278625488281,0.50417560338974,0.26103565096855164,False
1,29,28,,False,0.5255745053291321,0.8289783000946045,0.5255745053291321,0.5255745053291321,0.2416909784078598,0.5255745053291321,4.490822792053223,0.0,7.5244340896606445,0.39955633878707886,0.8832463026046753,False
2,0,8,,False,2.82238507270813,0.9999828338623047,2.82238507270813,2.82238507270813,0.19532911479473114,2.82238507270813,5.172839164733887,0.0,7.804107666015625,0.44118016958236694,3.3223764896392822,True
2,1,0,,False,2.7658469676971436,0.9999837875366211,2.7658469676971436,2.7658469676971436,0.2119266390800476,2.7658469676971436,5.298385143280029,0.0,7.660553932189941,0.40941938757896423,3.265838861465454,False
2,2,26,,False,2.759298801422119,0.9999834299087524,2.759298801422119,2.759298801422119,0.21256868541240692,2.759298801422119,5.280949592590332,0.0,7.649683952331543,0.39527860283851624,3.2592904567718506,False
2,3,7,,False,2.651148557662964,0.9940791130065918,2.651148557662964,2.651148557662964,0.17195849120616913,2.651148557662964,5.231015682220459,0.0,7.2349724769592285,0.2760190963745117,3.1481881141662598,False
2,4,1,,False,2.6211986541748047,0.9999386072158813,2.6211986541748047,2.6211986541748047,0.2595248818397522,2.6211986541748047,5.073716163635254,0.0,8.015424728393555,0.14624637365341187,3.1211678981781006,False
2,5,2,,False,2.595707416534424,0.9995408058166504,2.595707416534424,2.595707416534424,0.14055423438549042,2.595707416534424,6.82282018661499,0.6553093194961548,8.542268753051758,0.23733678460121155,3.095477819442749,False
2,6,12,,False,2.5950472354888916,0.9995311498641968,2.5950472354888916,2.5950472354888916,0.14397528767585754,2.5950472354888916,6.80844783782959,0.6430061459541321,8.537968635559082,0.23386821150779724,3.0948128700256348,False
2,7,6,,False,2.5469765663146973,0.846602201461792,2.5469765663146973,2.5469765663146973,0.33634525537490845,2.5469765663146973,5.4473557472229,0.0,6.391746520996094,0.44602733850479126,2.9275596141815186,False
2,8,14,,False,2.538599729537964,0.9921801090240479,2.538599729537964,2.538599729537964,0.29685917496681213,2.538599729537964,5.871908187866211,0.0,8.452038764953613,0.35699936747550964,3.0346899032592773,False
2,9,3,,False,2.4998059272766113,0.9911714196205139,2.4998059272766113,2.4998059272766113,0.23268412053585052,2.4998059272766113,5.890031337738037,0.0,8.500150680541992,0.40092238783836365,2.995391607284546,False
2,10,22,,False,2.4914088249206543,0.9872081875801086,2.4914088249206543,2.4914088249206543,0.20794470608234406,2.4914088249206543,5.875654697418213,0.0,8.531048774719238,0.3649456202983856,2.985013008117676,False
2,11,21,,False,2.4865729808807373,0.9858325719833374,2.4865729808807373,2.4865729808807373,0.20076335966587067,2.4865729808807373,5.81601095199585,0.0,8.573205947875977,0.4054511785507202,2.979489326477051,False
2,12,20,,False,2.4799702167510986,0.9997615218162537,2.4799702167510986,2.4799702167510986,0.14004001021385193,2.4799702167510986,6.474337577819824,0.35699722170829773,9.38070011138916,0.6255974173545837,2.979851007461548,False
2,13,5,,False,2.4499754905700684,0.9998620748519897,2.4499754905700684,2.4499754905700684,0.12412499636411667,2.4499754905700684,6.412378787994385,0.30395856499671936,9.379329681396484,0.6363877058029175,2.949906587600708,False
2,14,29,,False,2.4353346824645996,0.3407714366912842,2.4353346824645996,2.4353346824645996,0.2121010720729828,2.4353346824645996,6.296225547790527,0.20452772080898285,8.521214485168457,0.34633776545524597,2.1583375930786133,False
2,15,15,,False,2.4350504875183105,0.2800235152244568,2.4350504875183105,2.4350504875183105,0.21580351889133453,2.4350504875183105,7.4020586013793945,1.151155710220337,9.366463661193848,0.38647741079330444,2.066862106323242,False
2,16,9,,False,2.4195263385772705,0.9998143315315247,2.4195263385772705,2.4195263385772705,0.13619068264961243,2.4195263385772705,6.486484527587891,0.36739540100097656,9.241966247558594,0.6350753903388977,2.91943359375,False
2,17,4,,False,2.3648624420166016,0.5066319704055786,2.3648624420166016,2.3648624420166016,0.23080289363861084,2.3648624420166016,7.461647033691406,1.2021652460098267,9.266698837280273,0.34838777780532837,2.2871413230895996,False
2,18,28,,False,2.3113484382629395,0.07653000205755234,2.3113484382629395,2.3113484382629395,0.332242876291275,2.3113484382629395,5.286890983581543,0.0,7.031075954437256,0.3584348261356354,1.6908373832702637,False
2,19,19,,False,2.3105521202087402,0.09013139456510544,2.3105521202087402,2.3105521202087402,0.38506269454956055,2.3105521202087402,5.164123058319092,0.0,6.65239953994751,0.2801418602466583,1.7077229022979736,False
2,20,25,,False,2.296050548553467,0.9997884631156921,2.296050548553467,2.296050548553467,0.42145800590515137,2.296050548553467,4.455118179321289,0.0,8.215075492858887,0.055680930614471436,2.7959446907043457,False
2,21,10,,False,2.2703094482421875,0.04478149116039276,2.2703094482421875,2.2703094482421875,0.4547877013683319,2.2703094482421875,5.2459397315979,0.0,6.574322700500488,0.3153728246688843,1.6085255146026611,False
2,22,24,,False,2.159367084503174,0.9973816275596619,2.159367084503174,2.159367084503174,0.3080410659313202,2.159367084503174,6.026088237762451,0.0,8.712531089782715,0.16923105716705322,2.658057928085327,False
2,23,13,,False,2.11565899848938,0.19573895633220673,2.11565899848938,2.11565899848938,0.38724929094314575,2.11565899848938,5.002296447753906,0.0,6.044615268707275,0.30666041374206543,1.6501195430755615,False
2,24,18,,False,2.076200008392334,0.9979285001754761,2.076200008392334,2.076200008392334,0.3343771994113922,2.076200008392334,6.34675407409668,0.24778172373771667,8.6635160446167,0.08485323190689087,2.575164318084717,False
2,25,23,,False,2.0638160705566406,0.999940037727356,2.0638160705566406,2.0638160705566406,0.6070904731750488,2.0638160705566406,3.5493152141571045,0.0,8.095876693725586,0.23440152406692505,2.563786029815674,False
2,26,27,,False,2.0156731605529785,0.9997089505195618,2.0156731605529785,2.0156731605529785,0.42982983589172363,2.0156731605529785,3.5172171592712402,0.0,7.65833044052124,0.0761139839887619,2.5155277252197266,False
2,27,11,,False,2.012986898422241,0.1968863606452942,2.012986898422241,2.012986898422241,0.29115381836891174,2.012986898422241,5.317719459533691,0.0,6.017892360687256,0.3270532190799713,1.5489392280578613,False
2,28,17,,False,1.9301999807357788,0.996745228767395,1.9301999807357788,1.9301999807357788,0.4690779447555542,1.9301999807357788,4.354771614074707,0.0,7.961651802062988,0.3265656530857086,2.428572654724121,False
2,29,16,,False,1.819008469581604,0.3131418526172638,1.819008469581604,1.819008469581604,0.27157101035118103,1.819008469581604,5.6786699295043945,0.0,8.261178970336914,0.29060158133506775,1.5060927867889404,False
3,0,0,,False,2.82238507270813,0.9999828338623047,2.82238507270813,2.82238507270813,0.19532911479473114,2.82238507270813,5.172839164733887,0.0,7.804107666015625,0.44118016958236694,3.3223764896392822,True
3,1,10,,False,2.803736925125122,0.999983549118042,2.803736925125122,2.803736925125122,0.1974077671766281,2.803736925125122,5.171942710876465,0.0,7.834709167480469,0.4584057331085205,3.3037285804748535,True
3,2,1,,False,2.7658469676971436,0.9999837875366211,2.7658469676971436,2.7658469676971436,0.2119266390800476,2.7658469676971436,5.298385143280029,0.0,7.660553932189941,0.40941938757896423,3.265838861465454,False
3,3,2,,False,2.759298801422119,0.9999834299087524,2.759298801422119,2.759298801422119,0.21256868541240692,2.759298801422119,5.280949592590332,0.0,7.649683952331543,0.39527860283851624,3.2592904567718506,False
3,4,15,,False,2.7127041816711426,0.9999827146530151,2.7127041816711426,2.7127041816711426,0.20176181197166443,2.7127041816711426,5.3539628982543945,0.0,7.574761867523193,0.3801003694534302,3.212695598602295,False
3,5,7,,False,2.6719601154327393,0.9983224272727966,2.6719601154327393,2.6719601154327393,0.09113278239965439,2.6719601154327393,5.362921714782715,0.0,7.31751012802124,0.3973980247974396,3.17112135887146,False
3,6,26,,False,2.6712350845336914,0.9949937462806702,2.6712350845336914,2.6712350845336914,0.15431033074855804,2.6712350845336914,5.181549549102783,0.0,7.192007541656494,0.27033531665802,3.168731927871704,False
3,7,14,,False,2.6679954528808594,0.9999281167984009,2.6679954528808594,2.6679954528808594,0.26653826236724854,2.6679954528808594,5.079765796661377,0.0,8.017200469970703,0.1867545247077942,3.167959451675415,False
3,8,23,,False,2.6627049446105957,0.999946117401123,2.6627049446105957,2.6627049446105957,0.13135592639446259,2.6627049446105957,5.383824825286865,0.0,8.098283767700195,0.5895302295684814,3.1626780033111572,False
3,9,22,,False,2.652531147003174,0.9995352029800415,2.652531147003174,2.652531147003174,0.1313222050666809,2.652531147003174,5.221018314361572,0.0,8.223530769348145,0.2312856912612915,3.15229868888855,False
3,10,19,,False,2.6513521671295166,0.9999819993972778,2.6513521671295166,2.6513521671295166,0.20015129446983337,2.6513521671295166,5.3134565353393555,0.0,7.49602746963501,0.37782466411590576,3.1513431072235107,False
3,11,3,,False,2.651148557662964,0.9940791130065918,2.651148557662964,2.651148557662964,0.17195849120616913,2.651148557662964,5.231015682220459,0.0,7.2349724769592285,0.2760190963745117,3.1481881141662598,False
3,12,12,,False,2.6489577293395996,0.9932331442832947,2.6489577293395996,2.6489577293395996,0.17221520841121674,2.6489577293395996,5.258396148681641,0.0,7.353186130523682,0.26653292775154114,3.1455743312835693,False
3,13,20,,False,2.63551926612854,0.9639004468917847,2.63551926612854,2.63551926612854,0.2135675847530365,2.63551926612854,5.595033168792725,0.0,8.756847381591797,0.37379196286201477,3.117469549179077,False
3,14,25,,False,2.6343653202056885,0.990035355091095,2.6343653202056885,2.6343653202056885,0.1844232976436615,2.6343653202056885,5.267257213592529,0.0,7.1779351234436035,0.281745046377182,3.129383087158203,False
3,15,17,,False,2.61895489692688,0.9999387264251709,2.61895489692688,2.61895489692688,0.2425704002380371,2.61895489692688,5.03318452835083,0.0,8.012482643127441,0.15122173726558685,3.118924140930176,False
3,16,5,,False,2.6182706356048584,0.9987006187438965,2.6182706356048584,2.6182706356048584,0.11847574263811111,2.6182706356048584,5.328371047973633,0.0,8.758964538574219,0.4117504358291626,3.1176209449768066,False
3,17,28,,False,2.601409912109375,0.9995555281639099,2.601409912109375,2.601409912109375,0.14512261748313904,2.601409912109375,6.7930402755737305,0.6298167705535889,8.536396980285645,0.23584222793579102,3.1011877059936523,False
3,18,8,,False,2.601069211959839,0.9995771050453186,2.601069211959839,2.601069211959839,0.14132682979106903,2.601069211959839,6.95068883895874,0.7647688984870911,8.528555870056152,0.2451777160167694,3.100857734680176,False
3,19,6,,False,2.5750467777252197,0.9784685969352722,2.5750467777252197,2.5750467777252197,0.17712903022766113,2.5750467777252197,5.0008955001831055,0.0,7.041804313659668,0.2890335023403168,3.0642809867858887,False
3,20,4,,False,2.5230841636657715,0.9985988736152649,2.5230841636657715,2.5230841636657715,0.10566544532775879,2.5230841636657715,5.527791500091553,0.0,8.924489974975586,0.598813533782959,3.022383689880371,False
3,21,9,,False,2.505887508392334,0.30468684434890747,2.505887508392334,2.505887508392334,0.19964353740215302,2.505887508392334,7.455055236816406,1.1965224742889404,9.450950622558594,0.4006938338279724,2.1660943031311035,False
3,22,27,,False,2.5010032653808594,0.9943337440490723,2.5010032653808594,2.5010032653808594,0.2411797046661377,2.5010032653808594,5.881993293762207,0.0,8.4483003616333,0.3830481469631195,2.9981701374053955,False
3,23,11,,False,2.500549554824829,0.9838233590126038,2.500549554824829,2.500549554824829,0.19055531919002533,2.500549554824829,5.817261695861816,0.0,8.576170921325684,0.40128079056739807,2.9924612045288086,False
3,24,13,,False,2.4934239387512207,0.9857367873191833,2.4934239387512207,2.4934239387512207,0.2432842254638672,2.4934239387512207,5.892878532409668,0.0,8.624174118041992,0.4151709973812103,2.9862923622131348,False
3,25,21,,False,2.4904277324676514,0.3793187141418457,2.4904277324676514,2.4904277324676514,0.20528961718082428,2.4904277324676514,6.899081230163574,0.7205911874771118,9.412931442260742,0.29571792483329773,2.2635421752929688,False
3,26,16,,False,2.4671010971069336,0.2903161644935608,2.4671010971069336,2.4671010971069336,0.17687439918518066,2.4671010971069336,7.482878684997559,1.2203402519226074,9.457979202270508,0.37568575143814087,2.1067004203796387,False
3,27,18,,False,2.399306058883667,0.25956594944000244,2.399306058883667,2.399306058883667,0.24361297488212585,2.399306058883667,6.333019256591797,0.23602429032325745,8.455497741699219,0.3050641715526581,2.0167417526245117,False
3,28,24,,False,2.369807720184326,0.994621753692627,2.369807720184326,2.369807720184326,0.3529697060585022,2.369807720184326,5.8598761558532715,0.0,8.255180358886719,0.34147343039512634,2.8671185970306396,False
3,29,29,,False,2.0566000938415527,0.9983914494514465,2.0566000938415527,2.0566000938415527,0.3186929523944855,2.0566000938415527,6.513671875,0.3906686305999756,8.705568313598633,0.07687772065401077,2.555795907974243,False
4,0,19,,False,2.8263192176818848,0.9999815225601196,2.8263192176818848,2.8263192176818848,0.18263594806194305,2.8263192176818848,5.304646968841553,0.0,7.788144588470459,0.4107517600059509,3.3263099193573,True
4,1,0,,False,2.82238507270813,0.9999828338623047,2.82238507270813,2.82238507270813,0.19532911479473114,2.82238507270813,5.172839164733887,0.0,7.804107666015625,0.44118016958236694,3.3223764896392822,True
4,2,23,,False,2.815617799758911,0.9999822378158569,2.815617799758911,2.815617799758911,0.19319592416286469,2.815617799758911,5.1704607009887695,0.0,7.773694038391113,0.4407791793346405,3.3156089782714844,True
4,3,10,,False,2.809906005859375,0.9999830722808838,2.809906005859375,2.809906005859375,0.18737412989139557,2.809906005859375,5.2177934646606445,0.0,7.8286333084106445,0.4441594183444977,3.3098974227905273,True
4,4,1,,False,2.803736925125122,0.999983549118042,2.803736925125122,2.803736925125122,0.1974077671766281,2.803736925125122,5.171942710876465,0.0,7.834709167480469,0.4584057331085205,3.3037285804748535,True
4,5,2,,False,2.7658469676971436,0.9999837875366211,2.7658469676971436,2.7658469676971436,0.2119266390800476,2.7658469676971436,5.298385143280029,0.0,7.660553932189941,0.40941938757896423,3.265838861465454,False
4,6,3,,False,2.759298801422119,0.9999834299087524,2.759298801422119,2.759298801422119,0.21256868541240692,2.759298801422119,5.280949592590332,0.0,7.649683952331543,0.39527860283851624,3.2592904567718506,False
4,7,13,,False,2.7408719062805176,0.9999164342880249,2.7408719062805176,2.7408719062805176,0.27539223432540894,2.7408719062805176,5.228323459625244,0.0,7.9843854904174805,0.17018288373947144,3.240830183029175,False
4,8,18,,False,2.7392115592956543,0.9999803304672241,2.7392115592956543,2.7392115592956543,0.16819354891777039,2.7392115592956543,5.327676296234131,0.0,7.535925388336182,0.35485273599624634,3.239201784133911,False
4,9,9,,False,2.722801685333252,0.9906454086303711,2.722801685333252,2.722801685333252,0.14658048748970032,2.722801685333252,4.856431007385254,0.0,6.968494415283203,0.4384354054927826,3.2181243896484375,False
4,10,25,,False,2.713654041290283,0.9999833106994629,2.713654041290283,2.713654041290283,0.24224689602851868,2.713654041290283,5.253629207611084,0.0,7.515982151031494,0.3962762653827667,3.2136456966400146,False
4,11,28,,False,2.7120814323425293,0.9999829530715942,2.7120814323425293,2.7120814323425293,0.23523594439029694,2.7120814323425293,5.280942440032959,0.0,7.596456050872803,0.37872451543807983,3.2120728492736816,False
4,12,21,,False,2.703273296356201,0.9999837875366211,2.703273296356201,2.703273296356201,0.20786109566688538,2.703273296356201,5.2933173179626465,0.0,7.572774410247803,0.3933377265930176,3.2032651901245117,False
4,13,8,,False,2.6993603706359863,0.9997743964195251,2.6993603706359863,2.6993603706359863,0.1076253205537796,2.6993603706359863,5.20098876953125,0.0,7.412431240081787,0.4489728510379791,3.1992475986480713,False
4,14,27,,False,2.6987366676330566,0.9999423027038574,2.6987366676330566,2.6987366676330566,0.13283996284008026,2.6987366676330566,5.384739875793457,0.0,8.054871559143066,0.6027399301528931,3.1987078189849854,False
4,15,29,,False,2.6643869876861572,0.9924489259719849,2.6643869876861572,2.6643869876861572,0.1615874320268631,2.6643869876861572,5.564091205596924,0.0,8.843533515930176,0.3148619830608368,3.160611391067505,False
4,16,5,,False,2.6620748043060303,0.9973241090774536,2.6620748043060303,2.6620748043060303,0.1079917624592781,2.6620748043060303,5.39776611328125,0.0,7.275346279144287,0.3638749122619629,3.1607367992401123,False
4,17,24,,False,2.646829843521118,0.9999821186065674,2.646829843521118,2.646829843521118,0.20578224956989288,2.646829843521118,5.4739484786987305,0.0,7.5059380531311035,0.3380790948867798,3.1468210220336914,False
4,18,4,,False,2.6465184688568115,0.9970486760139465,2.6465184688568115,2.6465184688568115,0.14663289487361908,2.6465184688568115,5.403738021850586,0.0,7.328052520751953,0.3305889070034027,3.145042896270752,False
4,19,20,,False,2.6446633338928223,0.9995481371879578,2.6446633338928223,2.6446633338928223,0.133184552192688,2.6446633338928223,5.228921413421631,0.0,8.220465660095215,0.23211123049259186,3.144437313079834,False
4,20,22,,False,2.6255860328674316,0.9927984476089478,2.6255860328674316,2.6255860328674316,0.1653369665145874,2.6255860328674316,5.214065074920654,0.0,7.005727291107178,0.3231634199619293,3.1219851970672607,False
4,21,17,,False,2.6234142780303955,0.9985223412513733,2.6234142780303955,2.6234142780303955,0.11016751080751419,2.6234142780303955,5.403172016143799,0.0,8.926995277404785,0.43299400806427,3.1226754188537598,False
4,22,14,,False,2.6145007610321045,0.9998937845230103,2.6145007610321045,2.6145007610321045,0.15061694383621216,2.6145007610321045,5.086621284484863,0.0,7.390632629394531,0.35912996530532837,3.114447593688965,False
4,23,11,,False,2.6091206073760986,0.9440927505493164,2.6091206073760986,2.6091206073760986,0.22124232351779938,2.6091206073760986,5.684197425842285,0.0,8.762289047241211,0.4797101318836212,3.081166982650757,False
4,24,16,,False,2.604349136352539,0.9940800070762634,2.604349136352539,2.604349136352539,0.15003348886966705,2.604349136352539,5.231921195983887,0.0,7.2353668212890625,0.26535269618034363,3.101389169692993,False
4,25,7,,False,2.5983455181121826,0.9999829530715942,2.5983455181121826,2.5983455181121826,0.1951669305562973,2.5983455181121826,5.390180587768555,0.0,7.427664279937744,0.36656174063682556,3.098336935043335,False
4,26,26,,False,2.590245485305786,0.9995564818382263,2.590245485305786,2.590245485305786,0.14411316812038422,2.590245485305786,6.966784477233887,0.7785472869873047,8.535797119140625,0.26025766134262085,3.0900237560272217,False
4,27,12,,False,2.590148448944092,0.995392918586731,2.590148448944092,2.590148448944092,0.17573954164981842,2.590148448944092,5.156033992767334,0.0,7.138688087463379,0.2798001766204834,3.0878448486328125,False
4,28,15,,False,2.5785956382751465,0.9967800974845886,2.5785956382751465,2.5785956382751465,0.14294037222862244,2.5785956382751465,5.3037919998168945,0.0,7.314759731292725,0.32072675228118896,3.0769855976104736,False
4,29,6,,False,2.5627150535583496,0.9836825728416443,2.5627150535583496,2.5627150535583496,0.20937620103359222,2.5627150535583496,4.969450950622559,0.0,6.9924635887146,0.3192434012889862,3.054556369781494,False
5,0,14,,False,2.888698101043701,0.9999804496765137,2.888698101043701,2.888698101043701,0.17264360189437866,2.888698101043701,5.235037803649902,0.0,7.819512844085693,0.4156480133533478,3.388688325881958,True
5,1,16,,False,2.8535420894622803,0.9999655485153198,2.8535420894622803,2.8535420894622803,0.17920981347560883,2.8535420894622803,4.970017433166504,0.0,7.689659118652344,0.3680478036403656,3.353524923324585,True
5,2,6,,False,2.8479161262512207,0.9999842643737793,2.8479161262512207,2.8479161262512207,0.19506321847438812,2.8479161262512207,5.193195343017578,0.0,7.769289970397949,0.4360552430152893,3.3479082584381104,True
5,3,12,,False,2.842200994491577,0.9999805688858032,2.842200994491577,2.842200994491577,0.2086694985628128,2.842200994491577,5.274782657623291,0.0,7.784279823303223,0.3992627263069153,3.342191219329834,True
5,4,7,,False,2.835742950439453,0.9999834299087524,2.835742950439453,2.835742950439453,0.20297200977802277,2.835742950439453,5.152857303619385,0.0,7.805157661437988,0.43793395161628723,3.3357346057891846,True
5,5,0,,False,2.8263192176818848,0.9999815225601196,2.8263192176818848,2.8263192176818848,0.18263594806194305,2.8263192176818848,5.304646968841553,0.0,7.788144588470459,0.4107517600059509,3.3263099193573,True
5,6,20,,False,2.8248565196990967,0.9999827146530151,2.8248565196990967,2.8248565196990967,0.18977053463459015,2.8248565196990967,5.179802894592285,0.0,7.796398162841797,0.4379541575908661,3.324847936630249,True
5,7,1,,False,2.82238507270813,0.9999828338623047,2.82238507270813,2.82238507270813,0.19532911479473114,2.82238507270813,5.172839164733887,0.0,7.804107666015625,0.44118016958236694,3.3223764896392822,True
5,8,2,,False,2.815617799758911,0.9999822378158569,2.815617799758911,2.815617799758911,0.19319592416286469,2.815617799758911,5.1704607009887695,0.0,7.773694038391113,0.4407791793346405,3.3156089782714844,True
5,9,11,,False,2.8123979568481445,0.9999840259552002,2.8123979568481445,2.8123979568481445,0.2001175880432129,2.8123979568481445,5.215069770812988,0.0,7.779949188232422,0.4193354845046997,3.312389850616455,True
5,10,3,,False,2.809906005859375,0.9999830722808838,2.809906005859375,2.809906005859375,0.18737412989139557,2.809906005859375,5.2177934646606445,0.0,7.8286333084106445,0.4441594183444977,3.3098974227905273,True
5,11,9,,False,2.80519700050354,0.9968184232711792,2.80519700050354,2.80519700050354,0.07741925120353699,2.80519700050354,5.399397850036621,0.0,7.314340114593506,0.39349818229675293,3.3036062717437744,True
5,12,24,,False,2.804027795791626,0.9999805688858032,2.804027795791626,2.804027795791626,0.17654694616794586,2.804027795791626,5.365442752838135,0.0,7.806279182434082,0.45331332087516785,3.304018020629883,True
5,13,28,,False,2.799638271331787,0.9999837875366211,2.799638271331787,2.799638271331787,0.1919332891702652,2.799638271331787,5.225434303283691,0.0,7.777896881103516,0.4214692711830139,3.2996301651000977,False
5,14,19,,False,2.7993624210357666,0.9999842643737793,2.7993624210357666,2.7993624210357666,0.19668985903263092,2.7993624210357666,5.2242608070373535,0.0,7.786342620849609,0.4334884583950043,3.2993545532226562,False
5,15,27,,False,2.780609130859375,0.9998051524162292,2.780609130859375,2.780609130859375,0.10202667117118835,2.780609130859375,5.257735729217529,0.0,7.213789939880371,0.4279685318470001,3.2805116176605225,False
5,16,21,,False,2.7795848846435547,0.9999833106994629,2.7795848846435547,2.7795848846435547,0.2039959877729416,2.7795848846435547,5.331759452819824,0.0,7.657435417175293,0.41441139578819275,3.279576539993286,False
5,17,23,,False,2.75144100189209,0.9999833106994629,2.75144100189209,2.75144100189209,0.22539834678173065,2.75144100189209,5.369614601135254,0.0,7.618594169616699,0.380886435508728,3.2514326572418213,False
5,18,5,,False,2.7450997829437256,0.9996868371963501,2.7450997829437256,2.7450997829437256,0.11088254302740097,2.7450997829437256,5.179117679595947,0.0,7.460557460784912,0.40618959069252014,3.244943141937256,False
5,19,13,,False,2.7441468238830566,0.9998385906219482,2.7441468238830566,2.7441468238830566,0.1339048147201538,2.7441468238830566,5.186314582824707,0.0,7.4446258544921875,0.4637524485588074,3.2440662384033203,False
5,20,25,,False,2.7413077354431152,0.9898084998130798,2.7413077354431152,2.7413077354431152,0.07351958751678467,2.7413077354431152,4.856282711029053,0.0,7.074427127838135,0.3951808512210846,3.2362120151519775,False
5,21,10,,False,2.7332234382629395,0.9999821186065674,2.7332234382629395,2.7332234382629395,0.20716674625873566,2.7332234382629395,5.2764410972595215,0.0,7.726308345794678,0.42362603545188904,3.2332143783569336,False
5,22,29,,False,2.731275796890259,0.9999843835830688,2.731275796890259,2.731275796890259,0.20402680337429047,2.731275796890259,5.281377792358398,0.0,7.601931095123291,0.38185206055641174,3.2312679290771484,False
5,23,26,,False,2.7226011753082275,0.9999852180480957,2.7226011753082275,2.7226011753082275,0.2238285094499588,2.7226011753082275,5.321603775024414,0.0,7.713971138000488,0.4247152507305145,3.2225937843322754,False
5,24,15,,False,2.722594738006592,0.9999842643737793,2.722594738006592,2.722594738006592,0.2211093008518219,2.722594738006592,5.287425994873047,0.0,7.665732383728027,0.4140799641609192,3.2225868701934814,False
5,25,17,,False,2.717078685760498,0.986274778842926,2.717078685760498,2.717078685760498,0.11774436384439468,2.717078685760498,5.077380180358887,0.0,6.9764604568481445,0.3893284797668457,3.2102160453796387,False
5,26,18,,False,2.7146003246307373,0.9908269047737122,2.7146003246307373,2.7146003246307373,0.15942904353141785,2.7146003246307373,5.574148178100586,0.0,8.88537883758545,0.3242399990558624,3.2100138664245605,False
5,27,22,,False,2.713803768157959,0.9999793767929077,2.713803768157959,2.713803768157959,0.18091635406017303,2.713803768157959,5.378401756286621,0.0,7.816464424133301,0.3960108458995819,3.2137935161590576,False
5,28,4,,False,2.706538677215576,0.992967963218689,2.706538677215576,2.706538677215576,0.0749712586402893,2.706538677215576,4.7397260665893555,0.0,6.835380554199219,0.37527403235435486,3.2030227184295654,False
5,29,8,,False,2.7054643630981445,0.9999828338623047,2.7054643630981445,2.7054643630981445,0.23333901166915894,2.7054643630981445,5.262612342834473,0.0,7.498918056488037,0.38471922278404236,3.205455780029297,False
6,0,25,,False,2.919140100479126,0.9999603033065796,2.919140100479126,2.919140100479126,0.18327859044075012,2.919140100479126,5.1161065101623535,0.0,7.616856575012207,0.34303343296051025,3.4191203117370605,True
6,1,26,,False,2.906219005584717,0.9999805688858032,2.906219005584717,2.906219005584717,0.14086826145648956,2.906219005584717,5.186083793640137,0.0,7.8498077392578125,0.4443199038505554,3.4062092304229736,True
6,2,29,,False,2.888897657394409,0.9999808073043823,2.888897657394409,2.888897657394409,0.1845550239086151,2.888897657394409,5.194306373596191,0.0,7.836866855621338,0.41356340050697327,3.388888120651245,True
6,3,0,,False,2.888698101043701,0.9999804496765137,2.888698101043701,2.888698101043701,0.17264360189437866,2.888698101043701,5.235037803649902,0.0,7.819512844085693,0.4156480133533478,3.388688325881958,True
6,4,7,,False,2.886848211288452,0.9999797344207764,2.886848211288452,2.886848211288452,0.19951319694519043,2.886848211288452,5.184701442718506,0.0,7.6767778396606445,0.3982856869697571,3.386837959289551,True
6,5,27,,False,2.8607535362243652,0.999984860420227,2.8607535362243652,2.8607535362243652,0.1905912309885025,2.8607535362243652,5.232320308685303,0.0,7.8795061111450195,0.4823536276817322,3.360745906829834,True
6,6,1,,False,2.8535420894622803,0.9999655485153198,2.8535420894622803,2.8535420894622803,0.17920981347560883,2.8535420894622803,4.970017433166504,0.0,7.689659118652344,0.3680478036403656,3.353524923324585,True
6,7,2,,False,2.8479161262512207,0.9999842643737793,2.8479161262512207,2.8479161262512207,0.19506321847438812,2.8479161262512207,5.193195343017578,0.0,7.769289970397949,0.4360552430152893,3.3479082584381104,True
6,8,17,,False,2.8431596755981445,0.9999794960021973,2.8431596755981445,2.8431596755981445,0.15660668909549713,2.8431596755981445,5.3247857093811035,0.0,7.694215297698975,0.3713526427745819,3.343149423599243,True
6,9,3,,False,2.842200994491577,0.9999805688858032,2.842200994491577,2.842200994491577,0.2086694985628128,2.842200994491577,5.274782657623291,0.0,7.784279823303223,0.3992627263069153,3.342191219329834,True
6,10,20,,False,2.841766119003296,0.9999842643737793,2.841766119003296,2.841766119003296,0.1726062148809433,2.841766119003296,5.218327522277832,0.0,7.699782371520996,0.387562096118927,3.3417582511901855,True
6,11,4,,False,2.8329544067382812,0.9999821186065674,2.8329544067382812,2.8329544067382812,0.2038928121328354,2.8329544067382812,5.297944068908691,0.0,7.719664096832275,0.39912089705467224,3.3329453468322754,True
6,12,6,,False,2.8319754600524902,0.9999825954437256,2.8319754600524902,2.8319754600524902,0.1976243555545807,2.8319754600524902,5.218579292297363,0.0,7.635913848876953,0.4189153015613556,3.3319668769836426,True
6,13,10,,False,2.831066846847534,0.9999841451644897,2.831066846847534,2.831066846847534,0.21261753141880035,2.831066846847534,5.1746721267700195,0.0,7.751429557800293,0.4442591071128845,3.331058979034424,True
6,14,16,,False,2.8204712867736816,0.9999793767929077,2.8204712867736816,2.8204712867736816,0.1978149563074112,2.8204712867736816,5.165173053741455,0.0,7.936973571777344,0.46714815497398376,3.3204610347747803,True
6,15,23,,False,2.817399024963379,0.9999841451644897,2.817399024963379,2.817399024963379,0.21740074455738068,2.817399024963379,5.142712593078613,0.0,7.795941352844238,0.42489948868751526,3.3173911571502686,True
6,16,13,,False,2.8103506565093994,0.999983549118042,2.8103506565093994,2.8103506565093994,0.20134012401103973,2.8103506565093994,5.1928391456604,0.0,7.834902763366699,0.46294716000556946,3.310342311859131,True
6,17,8,,False,2.809603452682495,0.9999840259552002,2.809603452682495,2.809603452682495,0.20323166251182556,2.809603452682495,5.185421943664551,0.0,7.855146884918213,0.4727601110935211,3.3095955848693848,True
6,18,18,,False,2.803227186203003,0.999982476234436,2.803227186203003,2.803227186203003,0.19575092196464539,2.803227186203003,5.163748741149902,0.0,7.732775688171387,0.41899335384368896,3.303218364715576,True
6,19,12,,False,2.7977428436279297,0.9999809265136719,2.7977428436279297,2.7977428436279297,0.18806304037570953,2.7977428436279297,5.2434563636779785,0.0,7.760342597961426,0.44268468022346497,3.2977333068847656,False
6,20,9,,False,2.797304153442383,0.9999834299087524,2.797304153442383,2.797304153442383,0.1875821352005005,2.797304153442383,5.169524192810059,0.0,7.762742519378662,0.42983928322792053,3.2972958087921143,False
6,21,19,,False,2.7961840629577637,0.9917601943016052,2.7961840629577637,2.7961840629577637,0.16907919943332672,2.7961840629577637,5.6126909255981445,0.0,8.856890678405762,0.2721998989582062,3.2920641899108887,False
6,22,28,,False,2.795478343963623,0.9999829530715942,2.795478343963623,2.795478343963623,0.19040019810199738,2.795478343963623,5.213719367980957,0.0,7.844566345214844,0.456865131855011,3.2954697608947754,False
6,23,22,,False,2.7920784950256348,0.9999849796295166,2.7920784950256348,2.7920784950256348,0.20185326039791107,2.7920784950256348,5.260639667510986,0.0,7.754549980163574,0.3945048451423645,3.2920708656311035,False
6,24,14,,False,2.778371810913086,0.9998356103897095,2.778371810913086,2.778371810913086,0.16286076605319977,2.778371810913086,5.179081916809082,0.0,7.457248687744141,0.43114838004112244,3.278289556503296,False
6,25,21,,False,2.7713522911071777,0.9999797344207764,2.7713522911071777,2.7713522911071777,0.22318987548351288,2.7713522911071777,5.288601875305176,0.0,7.683620452880859,0.39488381147384644,3.2713422775268555,False
6,26,5,,False,2.766735792160034,0.9999860525131226,2.766735792160034,2.766735792160034,0.21654747426509857,2.766735792160034,5.293195724487305,0.0,7.75079345703125,0.41202986240386963,3.2667288780212402,False
6,27,11,,False,2.761293888092041,0.9999827146530151,2.761293888092041,2.761293888092041,0.2176651656627655,2.761293888092041,5.152644157409668,0.0,7.834816932678223,0.4589376151561737,3.2612853050231934,False
6,28,24,,False,2.754704713821411,0.9999845027923584,2.754704713821411,2.754704713821411,0.21198545396327972,2.754704713821411,5.177345275878906,0.0,7.790698051452637,0.4728022813796997,3.254696846008301,False
6,29,15,,False,2.7467799186706543,0.9996896982192993,2.7467799186706543,2.7467799186706543,0.11075033992528915,2.7467799186706543,5.17891788482666,0.0,7.45660924911499,0.40475890040397644,3.246624708175659,False
7,0,27,,False,2.9634671211242676,0.9999696016311646,2.9634671211242676,2.9634671211242676,0.26874470710754395,2.9634671211242676,4.995948791503906,0.0,8.350993156433105,0.3088182508945465,3.463451862335205,True
7,1,9,,False,2.9559812545776367,0.9999531507492065,2.9559812545776367,2.9559812545776367,0.26250049471855164,2.9559812545776367,5.140273094177246,0.0,8.498119354248047,0.21861401200294495,3.4559578895568848,True
7,2,26,,False,2.9419007301330566,0.9999655485153198,2.9419007301330566,2.9419007301330566,0.23574958741664886,2.9419007301330566,5.0374064445495605,0.0,8.352206230163574,0.29411375522613525,3.4418835639953613,True
7,3,25,,False,2.9401209354400635,0.9999784231185913,2.9401209354400635,2.9401209354400635,0.16275984048843384,2.9401209354400635,5.2765727043151855,0.0,7.8681960105896,0.42500099539756775,3.440110206604004,True
7,4,0,,False,2.919140100479126,0.9999603033065796,2.919140100479126,2.919140100479126,0.18327859044075012,2.919140100479126,5.1161065101623535,0.0,7.616856575012207,0.34303343296051025,3.4191203117370605,True
7,5,7,,False,2.9154140949249268,0.9999618530273438,2.9154140949249268,2.9154140949249268,0.14596162736415863,2.9154140949249268,5.002566337585449,0.0,7.824833869934082,0.4079008996486664,3.4153950214385986,True
7,6,13,,False,2.910290241241455,0.9999593496322632,2.910290241241455,2.910290241241455,0.19185014069080353,2.910290241241455,5.108804702758789,0.0,7.644981384277344,0.34495726227760315,3.4102699756622314,True
7,7,1,,False,2.906219005584717,0.9999805688858032,2.906219005584717,2.906219005584717,0.14086826145648956,2.906219005584717,5.186083793640137,0.0,7.8498077392578125,0.4443199038505554,3.4062092304229736,True
7,8,23,,False,2.9054131507873535,0.9999806880950928,2.9054131507873535,2.9054131507873535,0.14396296441555023,2.9054131507873535,5.182252407073975,0.0,7.842587471008301,0.43078505992889404,3.4054036140441895,True
7,9,24,,False,2.8957109451293945,0.9999804496765137,2.8957109451293945,2.8957109451293945,0.22848571836948395,2.8957109451293945,5.2697038650512695,0.0,7.8474440574646,0.3912333548069,3.3957011699676514,True
7,10,14,,False,2.894963264465332,0.9999802112579346,2.894963264465332,2.894963264465332,0.17393699288368225,2.894963264465332,5.240608215332031,0.0,7.793859004974365,0.4179144501686096,3.3949532508850098,True
7,11,2,,False,2.888897657394409,0.9999808073043823,2.888897657394409,2.888897657394409,0.1845550239086151,2.888897657394409,5.194306373596191,0.0,7.836866855621338,0.41356340050697327,3.388888120651245,True
7,12,3,,False,2.888698101043701,0.9999804496765137,2.888698101043701,2.888698101043701,0.17264360189437866,2.888698101043701,5.235037803649902,0.0,7.819512844085693,0.4156480133533478,3.388688325881958,True
7,13,10,,False,2.8844809532165527,0.9999798536300659,2.8844809532165527,2.8844809532165527,0.19997400045394897,2.8844809532165527,5.178145885467529,0.0,7.696846961975098,0.40403103828430176,3.3844709396362305,True
7,14,11,,False,2.8734869956970215,0.9999793767929077,2.8734869956970215,2.8734869956970215,0.17075186967849731,2.8734869956970215,5.235442638397217,0.0,8.015556335449219,0.45196712017059326,3.37347674369812,True
7,15,8,,False,2.869088649749756,0.9999752044677734,2.869088649749756,2.869088649749756,0.2870488166809082,2.869088649749756,5.04628849029541,0.0,8.171067237854004,0.2905043959617615,3.3690762519836426,True
7,16,15,,False,2.8619940280914307,0.9999849796295166,2.8619940280914307,2.8619940280914307,0.18198174238204956,2.8619940280914307,5.214578151702881,0.0,7.877943515777588,0.46504828333854675,3.3619866371154785,True
7,17,17,,False,2.8501315116882324,0.9999759197235107,2.8501315116882324,2.8501315116882324,0.18484951555728912,2.8501315116882324,5.215983867645264,0.0,7.865708827972412,0.38659822940826416,3.3501195907592773,True
7,18,16,,False,2.844407796859741,0.9999829530715942,2.844407796859741,2.844407796859741,0.1964348405599594,2.844407796859741,5.183493614196777,0.0,7.806704521179199,0.4479517638683319,3.3443992137908936,True
7,19,19,,False,2.8420913219451904,0.9999842643737793,2.8420913219451904,2.8420913219451904,0.19678103923797607,2.8420913219451904,5.209488391876221,0.0,7.763928413391113,0.4381330609321594,3.34208345413208,True
7,20,28,,False,2.841312885284424,0.9999834299087524,2.841312885284424,2.841312885284424,0.1540304273366928,2.841312885284424,5.2224836349487305,0.0,7.709190368652344,0.4140534996986389,3.3413045406341553,True
7,21,6,,False,2.840421199798584,0.9999849796295166,2.840421199798584,2.840421199798584,0.1879439800977707,2.840421199798584,5.251448154449463,0.0,7.916446685791016,0.5110667943954468,3.3404135704040527,True
7,22,22,,False,2.8375518321990967,0.9999803304672241,2.8375518321990967,2.8375518321990967,0.15798191726207733,2.8375518321990967,5.228945255279541,0.0,7.976371765136719,0.5104662179946899,3.3375420570373535,True
7,23,21,,False,2.82859468460083,0.9999771118164062,2.82859468460083,2.82859468460083,0.1852383315563202,2.82859468460083,5.322141170501709,0.0,7.726698398590088,0.3968038260936737,3.328583240509033,True
7,24,5,,False,2.8096909523010254,0.9999809265136719,2.8096909523010254,2.8096909523010254,0.1858929842710495,2.8096909523010254,5.293791770935059,0.0,7.821490287780762,0.42720741033554077,3.3096814155578613,True
7,25,4,,False,2.8074042797088623,0.9999819993972778,2.8074042797088623,2.8074042797088623,0.13739754259586334,2.8074042797088623,5.4348063468933105,0.0,8.034753799438477,0.523079514503479,3.3073952198028564,True
7,26,20,,False,2.799166440963745,0.9999775886535645,2.799166440963745,2.799166440963745,0.23047293722629547,2.799166440963745,4.926026344299316,0.0,7.733923435211182,0.37627923488616943,3.2991552352905273,False
7,27,29,,False,2.791141986846924,0.9999804496765137,2.791141986846924,2.791141986846924,0.20477765798568726,2.791141986846924,5.231431484222412,0.0,7.8431396484375,0.43806958198547363,3.2911322116851807,False
7,28,18,,False,2.7899885177612305,0.9999806880950928,2.7899885177612305,2.7899885177612305,0.19232240319252014,2.7899885177612305,5.3236775398254395,0.0,7.805768013000488,0.3956087827682495,3.2899789810180664,False
7,29,12,,False,2.785557270050049,0.9999842643737793,2.785557270050049,2.785557270050049,0.19635392725467682,2.785557270050049,5.262343406677246,0.0,7.7944536209106445,0.42974668741226196,3.2855494022369385,False
8,0,23,,False,3.020576238632202,0.9999642372131348,3.020576238632202,3.020576238632202,0.2711854577064514,3.020576238632202,4.989249229431152,0.0,8.358274459838867,0.3017900288105011,3.5205583572387695,True
8,1,20,,False,3.0119593143463135,0.9999648332595825,3.0119593143463135,3.0119593143463135,0.2732057273387909,3.0119593143463135,5.075039863586426,0.0,8.205644607543945,0.3052537739276886,3.51194167137146,True
8,2,9,,False,3.0043888092041016,0.9999701976776123,3.0043888092041016,3.0043888092041016,0.28206175565719604,3.0043888092041016,4.950291156768799,0.0,8.299081802368164,0.3678688406944275,3.5043740272521973,True
8,3,13,,False,2.9827611446380615,0.999967098236084,2.9827611446380615,2.9827611446380615,0.27918729186058044,2.9827611446380615,5.034808158874512,0.0,8.351335525512695,0.2962026298046112,3.4827446937561035,True
8,4,26,,False,2.968885898590088,0.9999681711196899,2.968885898590088,2.968885898590088,0.263755738735199,2.968885898590088,5.006735801696777,0.0,8.340490341186523,0.30270278453826904,3.468869924545288,True
8,5,6,,False,2.966968059539795,0.9999731779098511,2.966968059539795,2.966968059539795,0.14766928553581238,2.966968059539795,5.150998592376709,0.0,7.822854042053223,0.4287886917591095,3.4669547080993652,True
8,6,0,,False,2.9634671211242676,0.9999696016311646,2.9634671211242676,2.9634671211242676,0.26874470710754395,2.9634671211242676,4.995948791503906,0.0,8.350993156433105,0.3088182508945465,3.463451862335205,True
8,7,4,,False,2.9610068798065186,0.9999701976776123,2.9610068798065186,2.9610068798065186,0.23659802973270416,2.9610068798065186,5.016241550445557,0.0,8.33751392364502,0.2722558081150055,3.460991859436035,True
8,8,22,,False,2.960554599761963,0.9999752044677734,2.960554599761963,2.960554599761963,0.149977445602417,2.960554599761963,5.329031467437744,0.0,7.8582868576049805,0.396030455827713,3.4605422019958496,True
8,9,14,,False,2.9560396671295166,0.9999773502349854,2.9560396671295166,2.9560396671295166,0.15444044768810272,2.9560396671295166,5.271740913391113,0.0,7.875877380371094,0.4164513349533081,3.456028461456299,True
8,10,1,,False,2.9559812545776367,0.9999531507492065,2.9559812545776367,2.9559812545776367,0.26250049471855164,2.9559812545776367,5.140273094177246,0.0,8.498119354248047,0.21861401200294495,3.4559578895568848,True
8,11,10,,False,2.952641010284424,0.9999538660049438,2.952641010284424,2.952641010284424,0.2509595453739166,2.952641010284424,5.1707072257995605,0.0,8.56920337677002,0.24730046093463898,3.452617883682251,True
8,12,12,,False,2.9511780738830566,0.9999750852584839,2.9511780738830566,2.9511780738830566,0.19716115295886993,2.9511780738830566,5.2739386558532715,0.0,7.898643493652344,0.44578859210014343,3.4511656761169434,True
8,13,8,,False,2.9456846714019775,0.9999797344207764,2.9456846714019775,2.9456846714019775,0.19932252168655396,2.9456846714019775,5.130122184753418,0.0,7.934518337249756,0.4359019994735718,3.445674419403076,True
8,14,2,,False,2.9419007301330566,0.9999655485153198,2.9419007301330566,2.9419007301330566,0.23574958741664886,2.9419007301330566,5.0374064445495605,0.0,8.352206230163574,0.29411375522613525,3.4418835639953613,True
8,15,3,,False,2.9401209354400635,0.9999784231185913,2.9401209354400635,2.9401209354400635,0.16275984048843384,2.9401209354400635,5.2765727043151855,0.0,7.8681960105896,0.42500099539756775,3.440110206604004,True
8,16,16,,False,2.9344303607940674,0.9999685287475586,2.9344303607940674,2.9344303607940674,0.2797490954399109,2.9344303607940674,4.991076946258545,0.0,8.264081001281738,0.3102242350578308,3.4344146251678467,True
8,17,11,,False,2.93156099319458,0.9999740123748779,2.93156099319458,2.93156099319458,0.15589192509651184,2.93156099319458,5.233283519744873,0.0,7.832695007324219,0.43242499232292175,3.4315481185913086,True
8,18,21,,False,2.9161627292633057,0.9999805688858032,2.9161627292633057,2.9161627292633057,0.14480555057525635,2.9161627292633057,5.250672340393066,0.0,7.927279472351074,0.4404902160167694,3.4161529541015625,True
8,19,17,,False,2.911245107650757,0.9999804496765137,2.911245107650757,2.911245107650757,0.14914146065711975,2.911245107650757,5.175933837890625,0.0,7.814169883728027,0.4397306442260742,3.4112353324890137,True
8,20,7,,False,2.9060680866241455,0.9999639987945557,2.9060680866241455,2.9060680866241455,0.15073838829994202,2.9060680866241455,5.013523578643799,0.0,7.8624587059021,0.43785759806632996,3.406050205230713,True
8,21,27,,False,2.8975539207458496,0.9999597072601318,2.8975539207458496,2.8975539207458496,0.17750728130340576,2.8975539207458496,5.097756385803223,0.0,7.687163352966309,0.36029109358787537,3.397533893585205,True
8,22,15,,False,2.881848096847534,0.9999802112579346,2.881848096847534,2.881848096847534,0.14594349265098572,2.881848096847534,5.211401462554932,0.0,7.780788421630859,0.43690770864486694,3.381838321685791,True
8,23,28,,False,2.881554365158081,0.9999812841415405,2.881554365158081,2.881554365158081,0.14549902081489563,2.881554365158081,5.216259479522705,0.0,7.671222686767578,0.4051493704319,3.381545066833496,True
8,24,29,,False,2.8782474994659424,0.9999823570251465,2.8782474994659424,2.8782474994659424,0.1809030920267105,2.8782474994659424,5.147636413574219,0.0,7.8289384841918945,0.44620761275291443,3.3782386779785156,True
8,25,25,,False,2.877546787261963,0.9999651908874512,2.877546787261963,2.877546787261963,0.21399033069610596,2.877546787261963,5.211499214172363,0.0,8.329408645629883,0.22823207080364227,3.3775293827056885,True
8,26,19,,False,2.876689910888672,0.9999852180480957,2.876689910888672,2.876689910888672,0.20466822385787964,2.876689910888672,5.2071404457092285,0.0,8.027226448059082,0.4903526306152344,3.3766825199127197,True
8,27,24,,False,2.8759093284606934,0.9999642372131348,2.8759093284606934,2.8759093284606934,0.21732255816459656,2.8759093284606934,5.114297866821289,0.0,7.58389949798584,0.35462164878845215,3.3758914470672607,True
8,28,5,,False,2.8615808486938477,0.9999747276306152,2.8615808486938477,2.8615808486938477,0.28052881360054016,2.8615808486938477,5.005895614624023,0.0,8.245614051818848,0.30995500087738037,3.3615682125091553,True
8,29,18,,False,2.8189187049865723,0.9999836683273315,2.8189187049865723,2.8189187049865723,0.19749154150485992,2.8189187049865723,5.182183265686035,0.0,7.7253851890563965,0.43442976474761963,3.318910598754883,True
9,0,27,,False,3.036231517791748,0.9999617338180542,3.036231517791748,3.036231517791748,0.2491566240787506,3.036231517791748,5.021127223968506,0.0,8.401651382446289,0.3363707959651947,3.53621244430542,True
9,1,7,,False,3.026965618133545,0.9999703168869019,3.026965618133545,3.026965618133545,0.23636525869369507,3.026965618133545,5.095880031585693,0.0,8.561662673950195,0.2712685167789459,3.5269508361816406,True
9,2,9,,False,3.026630401611328,0.9999713897705078,3.026630401611328,3.026630401611328,0.2686961591243744,3.026630401611328,4.922783851623535,0.0,8.267521858215332,0.34672948718070984,3.526616096496582,True
9,3,20,,False,3.026486396789551,0.9999799728393555,3.026486396789551,3.026486396789551,0.16104340553283691,3.026486396789551,5.054327011108398,0.0,7.948370456695557,0.44840800762176514,3.5264763832092285,True
9,4,0,,False,3.020576238632202,0.9999642372131348,3.020576238632202,3.020576238632202,0.2711854577064514,3.020576238632202,4.989249229431152,0.0,8.358274459838867,0.3017900288105011,3.5205583572387695,True
9,5,1,,False,3.0119593143463135,0.9999648332595825,3.0119593143463135,3.0119593143463135,0.2732057273387909,3.0119593143463135,5.075039863586426,0.0,8.205644607543945,0.3052537739276886,3.51194167137146,True
9,6,14,,False,3.010439395904541,0.999961256980896,3.010439395904541,3.010439395904541,0.3030099868774414,3.010439395904541,5.1173553466796875,0.0,8.277227401733398,0.29369843006134033,3.510420083999634,True
9,7,5,,False,3.0098795890808105,0.9999630451202393,3.0098795890808105,3.0098795890808105,0.24647286534309387,3.0098795890808105,5.0169267654418945,0.0,8.309990882873535,0.29434770345687866,3.5098609924316406,True
9,8,6,,False,3.0060763359069824,0.9999724626541138,3.0060763359069824,3.0060763359069824,0.30639979243278503,3.0060763359069824,5.00076150894165,0.0,8.411015510559082,0.29499173164367676,3.5060625076293945,True
9,9,2,,False,3.0043888092041016,0.9999701976776123,3.0043888092041016,3.0043888092041016,0.28206175565719604,3.0043888092041016,4.950291156768799,0.0,8.299081802368164,0.3678688406944275,3.5043740272521973,True
9,10,22,,False,2.9972710609436035,0.9999691247940063,2.9972710609436035,2.9972710609436035,0.24128878116607666,2.9972710609436035,5.043066501617432,0.0,8.291748046875,0.29181113839149475,3.497255563735962,True
9,11,24,,False,2.995295524597168,0.9999504089355469,2.995295524597168,2.995295524597168,0.25800734758377075,2.995295524597168,5.1853928565979,0.0,8.559133529663086,0.28082871437072754,3.4952707290649414,True
9,12,28,,False,2.9900708198547363,0.999968409538269,2.9900708198547363,2.9900708198547363,0.2741919755935669,2.9900708198547363,5.070671081542969,0.0,8.43776798248291,0.3030957281589508,3.4900550842285156,True
9,13,17,,False,2.9857115745544434,0.9999542236328125,2.9857115745544434,2.9857115745544434,0.24521560966968536,2.9857115745544434,5.256076812744141,0.0,8.665117263793945,0.25126969814300537,3.4856886863708496,True
9,14,3,,False,2.9827611446380615,0.999967098236084,2.9827611446380615,2.9827611446380615,0.27918729186058044,2.9827611446380615,5.034808158874512,0.0,8.351335525512695,0.2962026298046112,3.4827446937561035,True
9,15,16,,False,2.9804394245147705,0.9999637603759766,2.9804394245147705,2.9804394245147705,0.24759063124656677,2.9804394245147705,5.20468807220459,0.0,8.658613204956055,0.2585524022579193,3.480421304702759,True
9,16,11,,False,2.9776415824890137,0.9999709129333496,2.9776415824890137,2.9776415824890137,0.2834666073322296,2.9776415824890137,4.995038986206055,0.0,8.345019340515137,0.2982904314994812,3.4776270389556885,True
9,17,25,,False,2.973950147628784,0.9999667406082153,2.973950147628784,2.973950147628784,0.1494482159614563,2.973950147628784,5.2394514083862305,0.0,7.879141330718994,0.4230208098888397,3.473933458328247,True
9,18,29,,False,2.9668662548065186,0.9999750852584839,2.9668662548065186,2.9668662548065186,0.20190265774726868,2.9668662548065186,5.269364356994629,0.0,7.906256198883057,0.4332825839519501,3.4668538570404053,True
9,19,8,,False,2.966308116912842,0.9999762773513794,2.966308116912842,2.966308116912842,0.17862151563167572,2.966308116912842,5.033914089202881,0.0,7.9277753829956055,0.446449339389801,3.4662961959838867,True
9,20,10,,False,2.9567673206329346,0.9999713897705078,2.9567673206329346,2.9567673206329346,0.2661988437175751,2.9567673206329346,5.023860454559326,0.0,8.338629722595215,0.31293439865112305,3.4567530155181885,True
9,21,23,,False,2.9510715007781982,0.9999651908874512,2.9510715007781982,2.9510715007781982,0.26114127039909363,2.9510715007781982,5.0384745597839355,0.0,8.310510635375977,0.3050355911254883,3.451054096221924,True
9,22,26,,False,2.917100667953491,0.9999698400497437,2.917100667953491,2.917100667953491,0.2284233719110489,2.917100667953491,5.033300876617432,0.0,8.233372688293457,0.24651309847831726,3.417085647583008,True
9,23,4,,False,2.9154257774353027,0.9999651908874512,2.9154257774353027,2.9154257774353027,0.14161424338817596,2.9154257774353027,5.03647518157959,0.0,7.804705619812012,0.4049072563648224,3.4154083728790283,True
9,24,18,,False,2.9138309955596924,0.9999767541885376,2.9138309955596924,2.9138309955596924,0.2814318835735321,2.9138309955596924,4.968173980712891,0.0,8.355356216430664,0.34829625487327576,3.4138193130493164,True
9,25,21,,False,2.910705327987671,0.9999679327011108,2.910705327987671,2.910705327987671,0.26046523451805115,2.910705327987671,5.109711170196533,0.0,8.35009765625,0.281072735786438,3.410689353942871,True
9,26,13,,False,2.9061365127563477,0.999976396560669,2.9061365127563477,2.9061365127563477,0.16853351891040802,2.9061365127563477,5.346871376037598,0.0,7.896955966949463,0.4438827931880951,3.4061245918273926,True
9,27,15,,False,2.8987183570861816,0.9999833106994629,2.8987183570861816,2.8987183570861816,0.18195997178554535,2.8987183570861816,5.2549238204956055,0.0,7.754097938537598,0.4652119278907776,3.398710012435913,True
9,28,12,,False,2.8895039558410645,0.9999641180038452,2.8895039558410645,2.8895039558410645,0.24571390450000763,2.8895039558410645,5.1225080490112305,0.0,8.076007843017578,0.28515535593032837,3.389486074447632,True
9,29,19,,False,2.8662943840026855,0.9999834299087524,2.8662943840026855,2.8662943840026855,0.17740590870380402,2.8662943840026855,5.1384382247924805,0.0,7.853211402893066,0.461383581161499,3.366286039352417,True
10,0,17,,False,3.099623680114746,0.9999667406082153,3.099623680114746,3.099623680114746,0.2657110095024109,3.099623680114746,5.081557750701904,0.0,8.434103965759277,0.3260340392589569,3.599606990814209,True
10,1,21,,False,3.0879063606262207,0.9999791383743286,3.0879063606262207,3.0879063606262207,0.20187732577323914,3.0879063606262207,4.945733070373535,0.0,8.01321792602539,0.38537582755088806,3.5878958702087402,True
10,2,13,,False,3.083845615386963,0.9999719858169556,3.083845615386963,3.083845615386963,0.22882696986198425,3.083845615386963,5.201900482177734,0.0,8.652006149291992,0.25037720799446106,3.583831548690796,True
10,3,29,,False,3.0740115642547607,0.9999772310256958,3.0740115642547607,3.0740115642547607,0.19358602166175842,3.0740115642547607,4.986408710479736,0.0,7.9889984130859375,0.4163212478160858,3.574000120162964,True
10,4,8,,False,3.0605392456054688,0.9999676942825317,3.0605392456054688,3.0605392456054688,0.2842748761177063,3.0605392456054688,5.0467424392700195,0.0,8.436681747436523,0.3148207366466522,3.56052303314209,True
10,5,15,,False,3.052802562713623,0.9999631643295288,3.052802562713623,3.052802562713623,0.24630016088485718,3.052802562713623,5.02262020111084,0.0,8.411458969116211,0.34066498279571533,3.5527842044830322,True
10,6,27,,False,3.05267333984375,0.99997878074646,3.05267333984375,3.05267333984375,0.2561953067779541,3.05267333984375,4.863341331481934,0.0,8.0565767288208,0.4037809669971466,3.5526628494262695,True
10,7,26,,False,3.0488502979278564,0.9999809265136719,3.0488502979278564,3.0488502979278564,0.2259587049484253,3.0488502979278564,4.90253210067749,0.0,7.9693922996521,0.3798806071281433,3.5488407611846924,True
10,8,20,,False,3.044783115386963,0.9999791383743286,3.044783115386963,3.044783115386963,0.22314660251140594,3.044783115386963,4.886393070220947,0.0,8.073216438293457,0.38637205958366394,3.5447726249694824,True
10,9,0,,False,3.036231517791748,0.9999617338180542,3.036231517791748,3.036231517791748,0.2491566240787506,3.036231517791748,5.021127223968506,0.0,8.401651382446289,0.3363707959651947,3.53621244430542,True
10,10,5,,False,3.033679485321045,0.9999673366546631,3.033679485321045,3.033679485321045,0.1983461081981659,3.033679485321045,4.953135013580322,0.0,8.390484809875488,0.28532811999320984,3.533663272857666,True
10,11,4,,False,3.029820442199707,0.9999668598175049,3.029820442199707,3.029820442199707,0.32143381237983704,3.029820442199707,5.01697301864624,0.0,8.29468059539795,0.3549347519874573,3.52980375289917,True
10,12,24,,False,3.0283613204956055,0.9999599456787109,3.0283613204956055,3.0283613204956055,0.23384661972522736,3.0283613204956055,5.038606643676758,0.0,8.361994743347168,0.33230826258659363,3.528341293334961,True
10,13,1,,False,3.026965618133545,0.9999703168869019,3.026965618133545,3.026965618133545,0.23636525869369507,3.026965618133545,5.095880031585693,0.0,8.561662673950195,0.2712685167789459,3.5269508361816406,True
10,14,10,,False,3.02685284614563,0.999961256980896,3.02685284614563,3.02685284614563,0.2664336860179901,3.02685284614563,4.99229621887207,0.0,8.40807056427002,0.37131834030151367,3.5268335342407227,True
10,15,2,,False,3.026630401611328,0.9999713897705078,3.026630401611328,3.026630401611328,0.2686961591243744,3.026630401611328,4.922783851623535,0.0,8.267521858215332,0.34672948718070984,3.526616096496582,True
10,16,3,,False,3.026486396789551,0.9999799728393555,3.026486396789551,3.026486396789551,0.16104340553283691,3.026486396789551,5.054327011108398,0.0,7.948370456695557,0.44840800762176514,3.5264763832092285,True
10,17,11,,False,3.0260283946990967,0.9999699592590332,3.0260283946990967,3.0260283946990967,0.26887619495391846,3.0260283946990967,5.007280349731445,0.0,8.305953025817871,0.3144236207008362,3.5260133743286133,True
10,18,18,,False,3.025322437286377,0.9999626874923706,3.025322437286377,3.025322437286377,0.2120400220155716,3.025322437286377,5.27597713470459,0.0,8.703264236450195,0.23900069296360016,3.525303840637207,True
10,19,23,,False,3.020928382873535,0.99997878074646,3.020928382873535,3.020928382873535,0.1464196741580963,3.020928382873535,5.092873573303223,0.0,7.893791198730469,0.4287583827972412,3.5209178924560547,True
10,20,19,,False,3.00960373878479,0.9999656677246094,3.00960373878479,3.00960373878479,0.2794283330440521,3.00960373878479,5.1172685623168945,0.0,8.512219429016113,0.2837686240673065,3.5095865726470947,True
10,21,16,,False,3.005939483642578,0.9999585151672363,3.005939483642578,3.005939483642578,0.2391599714756012,3.005939483642578,4.9976806640625,0.0,8.284435272216797,0.333163321018219,3.5059187412261963,True
10,22,6,,False,3.0052218437194824,0.9999632835388184,3.0052218437194824,3.0052218437194824,0.24916575849056244,3.0052218437194824,5.0150675773620605,0.0,8.321316719055176,0.3012426793575287,3.5052034854888916,True
10,23,14,,False,2.9991135597229004,0.9999690055847168,2.9991135597229004,2.9991135597229004,0.29830190539360046,2.9991135597229004,4.99777889251709,0.0,8.25905990600586,0.35955488681793213,3.499098062515259,True
10,24,12,,False,2.9942281246185303,0.9999788999557495,2.9942281246185303,2.9942281246185303,0.172381192445755,2.9942281246185303,5.074782848358154,0.0,7.994200706481934,0.431391179561615,3.49421763420105,True
10,25,25,,False,2.98698091506958,0.9999710321426392,2.98698091506958,2.98698091506958,0.23986904323101044,2.98698091506958,5.051653861999512,0.0,8.22793197631836,0.29429614543914795,3.486966371536255,True
10,26,28,,False,2.980116128921509,0.9999693632125854,2.980116128921509,2.980116128921509,0.267340749502182,2.980116128921509,4.935020923614502,0.0,8.304170608520508,0.31677258014678955,3.4801008701324463,True
10,27,7,,False,2.9620180130004883,0.9999669790267944,2.9620180130004883,2.9620180130004883,0.26027312874794006,2.9620180130004883,5.048453330993652,0.0,8.058764457702637,0.31178009510040283,3.4620015621185303,True
10,28,22,,False,2.947190523147583,0.9999791383743286,2.947190523147583,2.947190523147583,0.32783743739128113,2.947190523147583,5.005648612976074,0.0,8.276101112365723,0.3040505647659302,3.4471800327301025,True
10,29,9,,False,2.91856050491333,0.9999663829803467,2.91856050491333,2.91856050491333,0.17347250878810883,2.91856050491333,5.330355644226074,0.0,7.745970726013184,0.42928066849708557,3.418543815612793,True
11,0,17,,False,3.146928071975708,0.999961256980896,3.146928071975708,3.146928071975708,0.24355515837669373,3.146928071975708,5.063942909240723,0.0,8.34459400177002,0.2964727282524109,3.646908760070801,True
11,1,26,,False,3.1462295055389404,0.9999697208404541,3.1462295055389404,3.1462295055389404,0.23975028097629547,3.1462295055389404,5.037907600402832,0.0,8.485583305358887,0.3560350835323334,3.646214485168457,True
11,2,16,,False,3.1206274032592773,0.9999369382858276,3.1206274032592773,3.1206274032592773,0.17060552537441254,3.1206274032592773,4.991313934326172,0.0,8.32530689239502,0.2892172932624817,3.620595932006836,True
11,3,27,,False,3.1039350032806396,0.9999661445617676,3.1039350032806396,3.1039350032806396,0.2647491693496704,3.1039350032806396,5.083340644836426,0.0,8.423158645629883,0.32327502965927124,3.6039180755615234,True
11,4,28,,False,3.1038198471069336,0.9999629259109497,3.1038198471069336,3.1038198471069336,0.21604123711585999,3.1038198471069336,5.082127571105957,0.0,8.377164840698242,0.2917659878730774,3.6038012504577637,True
11,5,11,,False,3.1013572216033936,0.9999690055847168,3.1013572216033936,3.1013572216033936,0.25052759051322937,3.1013572216033936,4.9931640625,0.0,8.396644592285156,0.40557560324668884,3.601341724395752,True
11,6,0,,False,3.099623680114746,0.9999667406082153,3.099623680114746,3.099623680114746,0.2657110095024109,3.099623680114746,5.081557750701904,0.0,8.434103965759277,0.3260340392589569,3.599606990814209,True
11,7,12,,False,3.091369152069092,0.9999793767929077,3.091369152069092,3.091369152069092,0.19977614283561707,3.091369152069092,4.997836112976074,0.0,8.048440933227539,0.4117421805858612,3.5913589000701904,True
11,8,29,,False,3.0902106761932373,0.9999631643295288,3.0902106761932373,3.0902106761932373,0.2574422359466553,3.0902106761932373,5.059247970581055,0.0,8.390985488891602,0.3317417502403259,3.5901923179626465,True
11,9,1,,False,3.0879063606262207,0.9999791383743286,3.0879063606262207,3.0879063606262207,0.20187732577323914,3.0879063606262207,4.945733070373535,0.0,8.01321792602539,0.38537582755088806,3.5878958702087402,True
11,10,15,,False,3.087120771408081,0.9999797344207764,3.087120771408081,3.087120771408081,0.21389512717723846,3.087120771408081,4.911233425140381,0.0,7.987771034240723,0.38860028982162476,3.5871105194091797,True
11,11,8,,False,3.0849785804748535,0.9999717473983765,3.0849785804748535,3.0849785804748535,0.26712730526924133,3.0849785804748535,5.080735683441162,0.0,8.42126178741455,0.3163096606731415,3.5849645137786865,True
11,12,2,,False,3.083845615386963,0.9999719858169556,3.083845615386963,3.083845615386963,0.22882696986198425,3.083845615386963,5.201900482177734,0.0,8.652006149291992,0.25037720799446106,3.583831548690796,True
11,13,10,,False,3.0838100910186768,0.9999794960021973,3.0838100910186768,3.0838100910186768,0.22361710667610168,3.0838100910186768,4.903334617614746,0.0,8.060601234436035,0.38829317688941956,3.5837998390197754,True
11,14,25,,False,3.0791449546813965,0.9999772310256958,3.0791449546813965,3.0791449546813965,0.21770039200782776,3.0791449546813965,4.998795509338379,0.0,7.966681480407715,0.37425294518470764,3.5791335105895996,True
11,15,4,,False,3.0790581703186035,0.9999649524688721,3.0790581703186035,3.0790581703186035,0.24209143221378326,3.0790581703186035,5.08997106552124,0.0,8.489879608154297,0.2902061343193054,3.57904052734375,True
11,16,3,,False,3.0740115642547607,0.9999772310256958,3.0740115642547607,3.0740115642547607,0.19358602166175842,3.0740115642547607,4.986408710479736,0.0,7.9889984130859375,0.4163212478160858,3.574000120162964,True
11,17,21,,False,3.067969799041748,0.9999781847000122,3.067969799041748,3.067969799041748,0.1888033002614975,3.067969799041748,4.969307899475098,0.0,8.024858474731445,0.4286961257457733,3.5679588317871094,True
11,18,18,,False,3.0667784214019775,0.9999624490737915,3.0667784214019775,3.0667784214019775,0.25462430715560913,3.0667784214019775,5.023552417755127,0.0,8.401372909545898,0.3573554456233978,3.5667595863342285,True
11,19,19,,False,3.0615639686584473,0.9999712705612183,3.0615639686584473,3.0615639686584473,0.259691447019577,3.0615639686584473,5.053479194641113,0.0,8.43305778503418,0.2877883017063141,3.561549663543701,True
11,20,24,,False,3.0606486797332764,0.999957799911499,3.0606486797332764,3.0606486797332764,0.2365563064813614,3.0606486797332764,5.024631023406982,0.0,8.380752563476562,0.34676435589790344,3.5606274604797363,True
11,21,20,,False,3.057590961456299,0.9999586343765259,3.057590961456299,3.057590961456299,0.25178223848342896,3.057590961456299,5.059491157531738,0.0,8.309288024902344,0.2841176688671112,3.557570219039917,True
11,22,7,,False,3.056818723678589,0.9999723434448242,3.056818723678589,3.056818723678589,0.27441713213920593,3.056818723678589,4.937369346618652,0.0,8.273916244506836,0.3127448856830597,3.556804895401001,True
11,23,22,,False,3.0549581050872803,0.9999773502349854,3.0549581050872803,3.0549581050872803,0.22061671316623688,3.0549581050872803,4.972604751586914,0.0,8.03644847869873,0.40693557262420654,3.5549468994140625,True
11,24,13,,False,3.0421230792999268,0.9999815225601196,3.0421230792999268,3.0421230792999268,0.24724450707435608,3.0421230792999268,4.861779689788818,0.0,8.121258735656738,0.418987900018692,3.542113780975342,True
11,25,6,,False,3.0342793464660645,0.9999743700027466,3.0342793464660645,3.0342793464660645,0.29401135444641113,3.0342793464660645,4.943474292755127,0.0,8.394275665283203,0.3745732605457306,3.534266471862793,True
11,26,14,,False,3.029860019683838,0.9999620914459229,3.029860019683838,3.029860019683838,0.2503996789455414,3.029860019683838,5.0436835289001465,0.0,8.3395414352417,0.3433646559715271,3.5298409461975098,True
11,27,9,,False,3.0001652240753174,0.9999568462371826,3.0001652240753174,3.0001652240753174,0.2949049174785614,3.0001652240753174,5.044919967651367,0.0,8.361015319824219,0.31968218088150024,3.500143527984619,True
11,28,23,,False,2.9540834426879883,0.9999728202819824,2.9540834426879883,2.9540834426879883,0.26153868436813354,2.9540834426879883,4.963146686553955,0.0,8.153085708618164,0.3556172549724579,3.4540698528289795,True
11,29,5,,False,2.9385876655578613,0.9999711513519287,2.9385876655578613,2.9385876655578613,0.17566797137260437,2.9385876655578613,5.307346820831299,0.0,8.810544967651367,0.26254674792289734,3.4385733604431152,True
12,0,26,,False,3.1812222003936768,0.9999642372131348,3.1812222003936768,3.1812222003936768,0.2574155330657959,3.1812222003936768,5.128861427307129,0.0,8.5770263671875,0.3708512485027313,3.681204319000244,True
12,1,24,,False,3.171066999435425,0.9999474287033081,3.171066999435425,3.171066999435425,0.17743997275829315,3.171066999435425,5.038442134857178,0.0,8.347760200500488,0.27740803360939026,3.6710407733917236,True
12,2,16,,False,3.1660587787628174,0.9999655485153198,3.1660587787628174,3.1660587787628174,0.2613157629966736,3.1660587787628174,5.066283702850342,0.0,8.309245109558105,0.31942689418792725,3.666041612625122,True
12,3,5,,False,3.1628949642181396,0.9999667406082153,3.1628949642181396,3.1628949642181396,0.2514800727367401,3.1628949642181396,5.113072872161865,0.0,8.56635570526123,0.365140825510025,3.6628782749176025,True
12,4,0,,False,3.146928071975708,0.999961256980896,3.146928071975708,3.146928071975708,0.24355515837669373,3.146928071975708,5.063942909240723,0.0,8.34459400177002,0.2964727282524109,3.646908760070801,True
12,5,1,,False,3.1462295055389404,0.9999697208404541,3.1462295055389404,3.1462295055389404,0.23975028097629547,3.1462295055389404,5.037907600402832,0.0,8.485583305358887,0.3560350835323334,3.646214485168457,True
12,6,25,,False,3.1443755626678467,0.9999490976333618,3.1443755626678467,3.1443755626678467,0.19383230805397034,3.1443755626678467,5.089975833892822,0.0,8.53023624420166,0.2814968228340149,3.644350051879883,True
12,7,28,,False,3.135340690612793,0.9999479055404663,3.135340690612793,3.135340690612793,0.18864363431930542,3.135340690612793,4.990403175354004,0.0,8.248178482055664,0.2714066803455353,3.635314702987671,True
12,8,2,,False,3.1206274032592773,0.9999369382858276,3.1206274032592773,3.1206274032592773,0.17060552537441254,3.1206274032592773,4.991313934326172,0.0,8.32530689239502,0.2892172932624817,3.620595932006836,True
12,9,29,,False,3.1192615032196045,0.999964714050293,3.1192615032196045,3.1192615032196045,0.22500795125961304,3.1192615032196045,4.9849934577941895,0.0,8.421380996704102,0.336023211479187,3.619243860244751,True
12,10,11,,False,3.1163363456726074,0.999950647354126,3.1163363456726074,3.1163363456726074,0.20104141533374786,3.1163363456726074,5.077350616455078,0.0,8.472780227661133,0.2988573908805847,3.616311550140381,True
12,11,9,,False,3.1087257862091064,0.9999697208404541,3.1087257862091064,3.1087257862091064,0.22013108432292938,3.1087257862091064,5.132018566131592,0.0,8.493850708007812,0.322879433631897,3.608710765838623,True
12,12,19,,False,3.1077420711517334,0.9999833106994629,3.1077420711517334,3.1077420711517334,0.16408100724220276,3.1077420711517334,4.993260383605957,0.0,8.142473220825195,0.38371264934539795,3.607733726501465,True
12,13,3,,False,3.1039350032806396,0.9999661445617676,3.1039350032806396,3.1039350032806396,0.2647491693496704,3.1039350032806396,5.083340644836426,0.0,8.423158645629883,0.32327502965927124,3.6039180755615234,True
12,14,12,,False,3.0977842807769775,0.9999666213989258,3.0977842807769775,3.0977842807769775,0.2000371813774109,3.0977842807769775,5.13320255279541,0.0,8.406173706054688,0.3080999553203583,3.5977675914764404,True
12,15,22,,False,3.092726230621338,0.999972939491272,3.092726230621338,3.092726230621338,0.2287149876356125,3.092726230621338,5.042513847351074,0.0,8.194803237915039,0.3516046106815338,3.592712640762329,True
12,16,23,,False,3.086887836456299,0.9999790191650391,3.086887836456299,3.086887836456299,0.2459770292043686,3.086887836456299,4.916070938110352,0.0,8.134387016296387,0.3759615123271942,3.5868773460388184,True
12,17,8,,False,3.084840774536133,0.999931812286377,3.084840774536133,3.084840774536133,0.2040482461452484,3.084840774536133,5.12470817565918,0.0,8.357758522033691,0.26937657594680786,3.5848066806793213,True
12,18,27,,False,3.083230495452881,0.9999774694442749,3.083230495452881,3.083230495452881,0.1836339384317398,3.083230495452881,4.8992109298706055,0.0,8.02579116821289,0.3867429494857788,3.583219289779663,True
12,19,6,,False,3.0810656547546387,0.9999790191650391,3.0810656547546387,3.0810656547546387,0.21962597966194153,3.0810656547546387,4.964229583740234,0.0,8.08658504486084,0.3839924931526184,3.581055164337158,True
12,20,4,,False,3.078268527984619,0.9999672174453735,3.078268527984619,3.078268527984619,0.2384393960237503,3.078268527984619,5.175553798675537,0.0,8.4111328125,0.3103056848049164,3.578252077102661,True
12,21,15,,False,3.0756149291992188,0.9999780654907227,3.0756149291992188,3.0756149291992188,0.19083333015441895,3.0756149291992188,4.960227012634277,0.0,7.933860778808594,0.3450283110141754,3.57560396194458,True
12,22,10,,False,3.0736851692199707,0.999964714050293,3.0736851692199707,3.0736851692199707,0.24528127908706665,3.0736851692199707,5.092709541320801,0.0,8.494485855102539,0.2913421094417572,3.573667526245117,True
12,23,17,,False,3.0700736045837402,0.9999709129333496,3.0700736045837402,3.0700736045837402,0.3207160234451294,3.0700736045837402,5.009403705596924,0.0,8.407752990722656,0.3799610137939453,3.570059061050415,True
12,24,21,,False,3.066251516342163,0.9999638795852661,3.066251516342163,3.066251516342163,0.28226351737976074,3.066251516342163,5.100867748260498,0.0,8.437524795532227,0.34567347168922424,3.5662333965301514,True
12,25,14,,False,3.0606439113616943,0.9999701976776123,3.0606439113616943,3.0606439113616943,0.2619496285915375,3.0606439113616943,5.243268966674805,0.0,8.633111953735352,0.270486980676651,3.560628890991211,True
12,26,7,,False,3.0580716133117676,0.9999756813049316,3.0580716133117676,3.0580716133117676,0.23673616349697113,3.0580716133117676,5.0533366203308105,0.0,8.04302978515625,0.39900389313697815,3.5580594539642334,True
12,27,20,,False,3.025733709335327,0.9999785423278809,3.025733709335327,3.025733709335327,0.2800574004650116,3.025733709335327,5.247912406921387,0.0,8.721155166625977,0.2929838001728058,3.5257229804992676,True
12,28,18,,False,3.0233371257781982,0.9999698400497437,3.0233371257781982,3.0233371257781982,0.2419002205133438,3.0233371257781982,4.93349552154541,0.0,8.2083101272583,0.31817692518234253,3.523322105407715,True
12,29,13,,False,3.0037436485290527,0.9999823570251465,3.0037436485290527,3.0037436485290527,0.22893975675106049,3.0037436485290527,4.977697372436523,0.0,8.12159252166748,0.4169085919857025,3.503734827041626,True
